label,filename
Nasi Goreng,30mmyw.jpg
Sate Padang,ak4swb.jpg
Gudeg,c99aqd.jpg
Coto Makassar,jb3t6o.jpg
Rendang,1f6ix1.jpg
Ayam Pop,mz0jyl.jpg
Bakso,2mcmhe.jpg
Gado Gado,f0u9g6.jpg
Pempek,tziuj8.jpg
Bakso,j02t38.jpg
Gado Gado,zhsjnj.jpg
Sate Madura,q0x5x5.jpg
Ayam Bakar,rg70b1.jpg
Gudeg,l5yf76.jpg
Sate Madura,83x2qn.jpg
Rendang,5lkgxt.jpg
Nasi Goreng,zw2g9t.jpg
Pempek,nkx0as.jpg
Ayam Goreng,4iupjn.jpg
Nasi Goreng,zuy70p.jpg
Gado Gado,i3elwp.jpg
Pempek,1mxosi.jpg
Coto Makassar,au1dpq.jpg
Gado Gado,6vhzqv.jpg
Soto,atk81c.jpg
Gudeg,8q8kc3.jpg
Bakso,64pp0h.jpg
Gado Gado,mgjxyt.jpg
Ayam Betutu,gme57s.jpg
Coto Makassar,9kcpb2.jpg
Sate Padang,ibcxhm.jpg
Ayam Pop,380pkl.jpg
Ayam Goreng,vk6x22.jpg
Pempek,48lu0c.jpg
Coto Makassar,mo7mob.jpg
Nasi Goreng,f570iy.jpg
Ayam Betutu,wnlnwj.jpg
Ayam Betutu,vbq3w2.jpg
Ayam Bakar,z0zm3z.jpg
Ayam Goreng,01z4rf.jpg
Coto Makassar,njvqho.jpg
Coto Makassar,0vnlom.jpg
Rendang,w8ciua.jpg
Sate Padang,3ltame.jpg
Sate Padang,5tf2js.jpg
Nasi Goreng,hdewbx.jpg
Soto,vc8rzd.jpg
Ayam Pop,3sxn2q.jpg
Gudeg,5h7d7w.jpg
Bakso,bsyld4.jpg
Gado Gado,opbeax.jpg
Ayam Betutu,0sb8vl.jpg
Nasi Goreng,3a2qvl.jpg
Ayam Betutu,b4rrvn.jpg
Ayam Goreng,3pt42l.jpg
Ayam Pop,u57jss.jpg
Ayam Bakar,b0ka5n.jpg
Ayam Goreng,p6xb9x.jpg
Ayam Bakar,ywx5mg.jpg
Sate Madura,nb745a.jpg
Ayam Pop,mxav50.jpg
Gudeg,j2is0l.jpg
Sate Madura,ohumq0.jpg
Sate Padang,ryz1ks.jpg
Ayam Betutu,guwkiv.jpg
Ayam Goreng,ezs356.jpg
Soto,qfjof0.jpg
Gudeg,jcd4no.jpg
Ayam Pop,ebppxp.jpg
Nasi Goreng,s0wcoq.jpg
Ayam Betutu,89oce7.jpg
Pempek,qazoya.jpg
Nasi Goreng,jdpwhz.jpg
Coto Makassar,djwa74.jpg
Sate Madura,20wnhk.jpg
Sate Madura,heygzc.jpg
Soto,2mk7f1.jpg
Ayam Pop,akqk8n.jpg
Coto Makassar,k6hasl.jpg
Coto Makassar,ysj3ha.jpg
Sate Madura,ru4er4.jpg
Ayam Bakar,13thql.jpg
Sate Padang,hd8xkc.jpg
Soto,7olccv.jpg
Gado Gado,eti5hx.jpg
Soto,ke5qc7.jpg
Nasi Goreng,zorsx3.jpg
Coto Makassar,u6pu0e.jpg
Rawon,rl0h8c.jpg
Sate Madura,jw1dxz.jpg
Nasi Goreng,0aiagz.jpg
Soto,n0vcx1.jpg
Ayam Goreng,3vdnns.jpg
Gudeg,3lzn8m.jpg
Sate Padang,8u95qq.jpg
Rawon,2z9ny5.jpg
Nasi Goreng,4xa97b.jpg
Ayam Goreng,mkxia1.jpg
Sate Madura,sz429s.jpg
Rendang,rt0ve7.jpg
Sate Padang,xkjzu4.jpg
Bakso,tvq3bw.jpg
Ayam Pop,3zah9h.jpg
Ayam Betutu,mnm7xy.jpg
Bakso,3qvw04.jpg
Ayam Goreng,lotlz6.jpg
Ayam Bakar,ga7agq.jpg
Bakso,buu0gt.jpg
Rendang,5fgdte.jpg
Sate Padang,rm1wgh.jpg
Bakso,4g847w.jpg
Soto,i1pnbe.jpg
Rendang,9ppx32.jpg
Nasi Goreng,wpi927.jpg
Rendang,vgpsch.jpg
Sate Padang,7vjb9a.jpg
Gado Gado,8hqguy.jpg
Ayam Betutu,oolapd.jpg
Sate Madura,v3wg7q.jpg
Bakso,rfz5y4.jpg
Ayam Betutu,o8mwvo.jpg
Coto Makassar,2jp8vm.jpg
Coto Makassar,o48ytc.jpg
Soto,cc7l2v.jpg
Nasi Goreng,f5z96d.jpg
Rawon,li3p9g.jpg
Sate Padang,ky4dam.jpg
Bakso,9oxblm.jpg
Ayam Betutu,r75l74.jpg
Sate Padang,7pjfqb.jpg
Ayam Pop,xctf80.jpg
Gudeg,h25m8x.jpg
Gudeg,v5453m.jpg
Rawon,dxepvj.jpg
Gudeg,cy00nj.jpg
Soto,avujaj.jpg
Ayam Goreng,fytpjo.jpg
Rendang,i8ykv9.jpg
Bakso,0q79r9.jpg
Bakso,biwczm.jpg
Nasi Goreng,ig3nn4.jpg
Pempek,m748gu.jpg
Sate Madura,unmoyj.jpg
Ayam Bakar,dpoqua.jpg
Pempek,n0bto8.jpg
Sate Padang,dyu90m.jpg
Ayam Betutu,dxb1tv.jpg
Soto,harlp5.jpg
Rawon,hn81x0.jpg
Soto,knky14.jpg
Ayam Bakar,axnqbt.jpg
Bakso,5nf3uq.jpg
Coto Makassar,7eijsj.jpg
Ayam Betutu,i9fzxi.jpg
Rendang,chz63d.jpg
Soto,bocps3.jpg
Nasi Goreng,0cczsl.jpg
Sate Padang,p6xgjy.jpg
Ayam Goreng,mn734i.jpg
Rawon,kgw9ao.jpg
Bakso,xbh5l4.jpg
Nasi Goreng,lbg70c.jpg
Soto,sjd78u.jpg
Gudeg,7khzee.jpg
Gudeg,w6yn02.jpg
Soto,2ehd7i.jpg
Sate Madura,j29us0.jpg
Pempek,unkfb0.jpg
Rendang,8bfkwd.jpg
Sate Padang,x0rsln.jpg
Coto Makassar,rpi4va.jpg
Pempek,zcmlv8.jpg
Sate Padang,5iflf9.jpg
Ayam Goreng,3gcg6d.jpg
Sate Madura,2fytxg.jpg
Nasi Goreng,i79jjl.jpg
Rawon,jumhb4.jpg
Rawon,zkxdrp.jpg
Bakso,eouose.jpg
Rendang,n7jft2.jpg
Nasi Goreng,hgg8zo.jpg
Ayam Betutu,8v3fsg.jpg
Nasi Goreng,z81cp5.jpg
Sate Padang,2rj13g.jpg
Ayam Pop,odz928.jpg
Sate Madura,y6aqag.jpg
Nasi Goreng,96w4ja.jpg
Ayam Bakar,m8onh1.jpg
Soto,yb6eau.jpg
Ayam Bakar,q4x5j0.jpg
Nasi Goreng,612djq.jpg
Sate Madura,7774w8.jpg
Bakso,rp2hx6.jpg
Nasi Goreng,fr8fzv.jpg
Rawon,xaibrr.jpg
Rendang,ipeio4.jpg
Nasi Goreng,eujrpl.jpg
Gado Gado,og8sz4.jpg
Sate Madura,l0wjp0.jpg
Rawon,gwlvy7.jpg
Ayam Goreng,027vh6.jpg
Soto,s0ltmv.jpg
Rawon,0p958i.jpg
Bakso,2hivx2.jpg
Ayam Bakar,wzr8a5.jpg
Coto Makassar,bzwol6.jpg
Ayam Pop,0vnv3r.jpg
Rawon,qzamp6.jpg
Rawon,bf7zja.jpg
Nasi Goreng,84ummu.jpg
Coto Makassar,efaxhg.jpg
Nasi Goreng,zyvkir.jpg
Ayam Pop,502bx2.jpg
Sate Madura,fa2rhz.jpg
Rawon,t1arm4.jpg
Pempek,fxcy3v.jpg
Ayam Pop,v4rd87.jpg
Rendang,znupfh.jpg
Pempek,dhw7cp.jpg
Pempek,eo2yco.jpg
Gudeg,cdtbje.jpg
Ayam Betutu,u33td1.jpg
Bakso,dqzrfh.jpg
Sate Madura,slrtk7.jpg
Ayam Betutu,knk7eu.jpg
Soto,p2lvx4.jpg
Rawon,m6jl65.jpg
Sate Padang,wjgb4n.jpg
Nasi Goreng,fsawiq.jpg
Bakso,wb3enw.jpg
Ayam Bakar,5tg9kc.jpg
Ayam Bakar,zd4bwe.jpg
Pempek,obevyk.jpg
Gudeg,4qr41a.jpg
Nasi Goreng,b0n8x8.jpg
Ayam Goreng,t2nb17.jpg
Sate Padang,2vdc6c.jpg
Rawon,wiqd9z.jpg
Soto,oxn1ui.jpg
Gudeg,p4zi7h.jpg
Soto,zugb4c.jpg
Sate Padang,ln7q3d.jpg
Bakso,jk9pnm.jpg
Rawon,zh62q5.jpg
Gado Gado,w0neux.jpg
Coto Makassar,p4rahw.jpg
Ayam Pop,p346c6.jpg
Ayam Betutu,gjide2.jpg
Gado Gado,cb3je6.jpg
Ayam Goreng,hwr877.jpg
Sate Padang,u4gspt.jpg
Gado Gado,zomuwl.jpg
Sate Padang,5wjvzy.jpg
Gudeg,240p2x.jpg
Ayam Betutu,bn93er.jpg
Ayam Goreng,6rsul3.jpg
Soto,w72nt4.jpg
Bakso,t3n9d2.jpg
Ayam Goreng,fmiv5q.jpg
Gudeg,a93kdr.jpg
Rendang,79034h.jpg
Nasi Goreng,hhaydl.jpg
Ayam Bakar,kkkjec.jpg
Pempek,azw8fc.jpg
Gudeg,ggnwrs.jpg
Soto,s6ge0j.jpg
Nasi Goreng,00sv9l.jpg
Bakso,w9trff.jpg
Ayam Pop,ylc0hz.jpg
Rendang,h9juq3.jpg
Ayam Goreng,kanelc.jpg
Ayam Bakar,54oyrn.jpg
Ayam Bakar,7rz451.jpg
Gudeg,b3p3o5.jpg
Soto,7yztn8.jpg
Soto,e4dotv.jpg
Pempek,455ewe.jpg
Ayam Bakar,ndz9ux.jpg
Pempek,5vxkx1.jpg
Gudeg,pboqzl.jpg
Rawon,vs0nfu.jpg
Nasi Goreng,oj72h0.jpg
Ayam Goreng,yzdj00.jpg
Coto Makassar,5p9pui.jpg
Ayam Pop,ipigr6.jpg
Gudeg,eovqac.jpg
Soto,txshvr.jpg
Gado Gado,izeuha.jpg
Soto,32mwck.jpg
Gudeg,c3156h.jpg
Sate Padang,ts1th6.jpg
Pempek,lnzry3.jpg
Bakso,dwbvy6.jpg
Ayam Betutu,f5m2oc.jpg
Pempek,451f4s.jpg
Coto Makassar,5r8rlo.jpg
Rendang,36pc3x.jpg
Rawon,gbhxfp.jpg
Pempek,wq8hfg.jpg
Nasi Goreng,ywrdwy.jpg
Gudeg,wjgp0g.jpg
Gudeg,1xfy6q.jpg
Gado Gado,we5nwp.jpg
Gado Gado,qg0f1a.jpg
Ayam Pop,q4czpg.jpg
Sate Madura,6po7af.jpg
Gado Gado,cv63o8.jpg
Coto Makassar,u7fuzh.jpg
Gado Gado,ca4gpt.jpg
Bakso,sy6e7x.jpg
Bakso,zqoqr1.jpg
Ayam Betutu,gey99r.jpg
Gado Gado,q9oeci.jpg
Nasi Goreng,1v9bz6.jpg
Gado Gado,gtg56e.jpg
Ayam Pop,rck229.jpg
Ayam Bakar,p83j6k.jpg
Nasi Goreng,6s3ikx.jpg
Bakso,03e78u.jpg
Ayam Goreng,sqhfpv.jpg
Sate Madura,6hfk2h.jpg
Ayam Betutu,hjs0sr.jpg
Gado Gado,31xkik.jpg
Ayam Goreng,aumube.jpg
Nasi Goreng,tcxi7j.jpg
Sate Madura,czuhtn.jpg
Sate Madura,n37u36.jpg
Ayam Betutu,v3w4us.jpg
Ayam Goreng,qk1mrp.jpg
Gado Gado,9kcihl.jpg
Ayam Goreng,vmb25q.jpg
Nasi Goreng,d4e9ac.jpg
Rawon,2jidaw.jpg
Pempek,cw74im.jpg
Rendang,o8hr7y.jpg
Ayam Betutu,5xdo76.jpg
Ayam Goreng,wu17ex.jpg
Ayam Bakar,x4thr7.jpg
Rawon,eta4tn.jpg
Ayam Betutu,cs1qe9.jpg
Bakso,50joge.jpg
Gado Gado,tdkjoa.jpg
Ayam Betutu,c9k01c.jpg
Ayam Bakar,ybcral.jpg
Nasi Goreng,vx80ng.jpg
Ayam Pop,y7rkto.jpg
Sate Padang,m3b2f8.jpg
Gudeg,t252vm.jpg
Pempek,zrbcea.jpg
Bakso,cd9tn8.jpg
Coto Makassar,zr3lmm.jpg
Gudeg,vasme9.jpg
Soto,51q8n4.jpg
Bakso,h3q1xi.jpg
Pempek,hn51vf.jpg
Ayam Betutu,qvqi8j.jpg
Rendang,4sibai.jpg
Coto Makassar,0yibcs.jpg
Ayam Bakar,e1o2a7.jpg
Rendang,treiw0.jpg
Sate Padang,jmgp9d.jpg
Ayam Bakar,4vukw0.jpg
Pempek,qlokds.jpg
Rendang,7kpijp.jpg
Ayam Goreng,ehjp2j.jpg
Gado Gado,91lz87.jpg
Soto,68u6y0.jpg
Sate Padang,8xwlpp.jpg
Pempek,cot12e.jpg
Ayam Betutu,i291jo.jpg
Sate Madura,h6h05y.jpg
Bakso,95adz3.jpg
Pempek,fe00hw.jpg
Ayam Bakar,y3wadc.jpg
Sate Madura,a61c3j.jpg
Ayam Goreng,6likum.jpg
Sate Madura,gwwjhw.jpg
Soto,0wgus8.jpg
Bakso,7dx3hj.jpg
Bakso,4398i3.jpg
Soto,g52zkp.jpg
Bakso,ffxstn.jpg
Rawon,f3o46x.jpg
Coto Makassar,xga5ys.jpg
Ayam Pop,bkefsm.jpg
Ayam Goreng,j45o4g.jpg
Pempek,rk7v9j.jpg
Soto,nluknd.jpg
Bakso,ap1c90.jpg
Bakso,waa5bk.jpg
Nasi Goreng,1vgghu.jpg
Rawon,z7dlb3.jpg
Gado Gado,jecq12.jpg
Bakso,lpbmcl.jpg
Ayam Bakar,hop7y8.jpg
Sate Madura,dj0bwn.jpg
Ayam Betutu,pd2liy.jpg
Soto,8tvqxj.jpg
Gudeg,19m2f9.jpg
Gudeg,3l5whl.jpg
Gado Gado,lfz1nn.jpg
Soto,gltm2j.jpg
Bakso,98rjn3.jpg
Bakso,fj3mqv.jpg
Gudeg,jmnge2.jpg
Ayam Goreng,t1r1kq.jpg
Sate Padang,mmcezb.jpg
Sate Padang,e7y9g9.jpg
Nasi Goreng,0hb7uh.jpg
Gado Gado,tsl7bd.jpg
Pempek,jyxxm6.jpg
Ayam Betutu,03d7zh.jpg
Nasi Goreng,aj88ik.jpg
Sate Madura,6nivh0.jpg
Gudeg,bxpwnk.jpg
Nasi Goreng,5a5awx.jpg
Ayam Pop,pqwrxk.jpg
Coto Makassar,duzlp7.jpg
Gudeg,x7o8gi.jpg
Rawon,wp6ymk.jpg
Nasi Goreng,jo34e4.jpg
Gudeg,uoo6kt.jpg
Gudeg,kpmyfy.jpg
Ayam Pop,mzgrns.jpg
Rawon,3wsdaj.jpg
Bakso,icjlox.jpg
Gado Gado,pgcuhe.jpg
Bakso,j2df65.jpg
Sate Padang,tt12b1.jpg
Rawon,cbgbf5.jpg
Sate Padang,5bchh9.jpg
Sate Padang,1k5nd0.jpg
Ayam Goreng,y4lvap.jpg
Soto,wxtu9i.jpg
Sate Padang,400eom.jpg
Bakso,rired6.jpg
Ayam Betutu,krnow2.jpg
Soto,mjnv5m.jpg
Ayam Pop,tl1iat.jpg
Sate Padang,yb4pfg.jpg
Coto Makassar,o2qbwc.jpg
Sate Madura,7ev9mz.jpg
Ayam Betutu,rt69me.jpg
Bakso,6qo7gf.jpg
Sate Madura,atp3py.jpg
Sate Madura,87tew2.jpg
Soto,yd6xu9.jpg
Rendang,pufeca.jpg
Sate Padang,65pn12.jpg
Pempek,xu5n8a.jpg
Ayam Goreng,sl9dhy.jpg
Ayam Goreng,keh195.jpg
Soto,n764j2.jpg
Gudeg,eiyccb.jpg
Bakso,lcqd98.jpg
Gudeg,7xrp8g.jpg
Ayam Goreng,kykkwi.jpg
Coto Makassar,ide56o.jpg
Rawon,yqljs7.jpg
Gado Gado,0je5k7.jpg
Coto Makassar,5xch4m.jpg
Coto Makassar,1qi1zp.jpg
Ayam Goreng,kfcseg.jpg
Sate Padang,gux5jr.jpg
Gudeg,1y6nnl.jpg
Sate Padang,yu6fo2.jpg
Coto Makassar,yl7d8v.jpg
Sate Madura,h95s58.jpg
Ayam Pop,5f4n6f.jpg
Ayam Betutu,ezws7u.jpg
Sate Padang,bo2o84.jpg
Sate Madura,5r0giz.jpg
Pempek,ung7c3.jpg
Nasi Goreng,jd4vpo.jpg
Nasi Goreng,cs9s88.jpg
Sate Padang,ii8a0f.jpg
Rendang,lv6kxk.jpg
Pempek,oag79q.jpg
Ayam Bakar,rzwwbu.jpg
Rendang,e1p1x0.jpg
Sate Padang,owsc78.jpg
Gado Gado,b3jx9n.jpg
Gudeg,23s9ff.jpg
Pempek,3yrmom.jpg
Bakso,np6iqc.jpg
Rendang,i8fw45.jpg
Sate Madura,fsc5vv.jpg
Ayam Pop,0zgpdj.jpg
Gudeg,mqgd78.jpg
Gado Gado,7todcl.jpg
Rawon,m23fdz.jpg
Sate Padang,mbahk2.jpg
Sate Padang,iakisw.jpg
Soto,szeng3.jpg
Ayam Goreng,31bh5d.jpg
Coto Makassar,xv1tor.jpg
Ayam Betutu,nw6y1a.jpg
Coto Makassar,t1ozek.jpg
Ayam Goreng,sfr1ie.jpg
Nasi Goreng,0i1gxc.jpg
Sate Padang,fanayh.jpg
Pempek,zcbwkp.jpg
Ayam Goreng,0399t7.jpg
Ayam Goreng,01bihe.jpg
Sate Padang,40y3yv.jpg
Coto Makassar,040hye.jpg
Coto Makassar,5lgcht.jpg
Ayam Bakar,2uu2va.jpg
Ayam Goreng,e60gxg.jpg
Pempek,vp7fxu.jpg
Soto,7xo2s9.jpg
Ayam Pop,cd81j2.jpg
Pempek,77fwnl.jpg
Pempek,0i0hf5.jpg
Pempek,zozm3w.jpg
Bakso,w9i2te.jpg
Rendang,zgfpaf.jpg
Bakso,vrc52i.jpg
Ayam Goreng,7c6dh2.jpg
Sate Madura,bqaovg.jpg
Coto Makassar,8qf49y.jpg
Coto Makassar,fonqs2.jpg
Gado Gado,fapggn.jpg
Gado Gado,4fegma.jpg
Bakso,v85wyd.jpg
Gado Gado,8nexiw.jpg
Sate Padang,ocwltp.jpg
Ayam Pop,57dwim.jpg
Ayam Goreng,eot67l.jpg
Rawon,63uxrs.jpg
Nasi Goreng,8wkfvf.jpg
Sate Madura,zggq0o.jpg
Ayam Bakar,52jxyy.jpg
Rawon,y13sh9.jpg
Rawon,mzqve5.jpg
Ayam Bakar,b8rcae.jpg
Coto Makassar,0jbk8n.jpg
Ayam Pop,y7iwu2.jpg
Ayam Goreng,n705xf.jpg
Bakso,sjy1ph.jpg
Ayam Pop,slmuor.jpg
Sate Padang,b47iu4.jpg
Rendang,oa6s97.jpg
Sate Madura,8gla24.jpg
Bakso,dvlqtx.jpg
Ayam Pop,9klzel.jpg
Ayam Goreng,9zym6m.jpg
Ayam Pop,gjnfbq.jpg
Ayam Betutu,sk98sc.jpg
Soto,lpuwvq.jpg
Gado Gado,r7e2j4.jpg
Gudeg,urkksw.jpg
Bakso,yyahxx.jpg
Bakso,crius0.jpg
Soto,ymtp6w.jpg
Sate Padang,ti4776.jpg
Sate Madura,9xvfpi.jpg
Ayam Goreng,qoodju.jpg
Sate Madura,wwvdkf.jpg
Ayam Bakar,d4rzqt.jpg
Pempek,8bfva2.jpg
Bakso,1ttwp3.jpg
Bakso,2p5jt0.jpg
Bakso,7yl6kx.jpg
Coto Makassar,6y6djs.jpg
Gudeg,na565f.jpg
Sate Padang,8iv1oa.jpg
Gudeg,bhjeke.jpg
Pempek,qkwhmv.jpg
Sate Madura,cal1yv.jpg
Rawon,9d0hyy.jpg
Soto,h0plhm.jpg
Soto,c050k4.jpg
Ayam Betutu,xfmubl.jpg
Ayam Pop,afy03g.jpg
Bakso,kcal60.jpg
Pempek,lvx56r.jpg
Gudeg,rlleub.jpg
Soto,l951id.jpg
Sate Padang,7kbp43.jpg
Nasi Goreng,osx8h8.jpg
Ayam Goreng,8575jn.jpg
Gudeg,amgthb.jpg
Coto Makassar,we7gfa.jpg
Soto,7l12oo.jpg
Sate Padang,2h4j6y.jpg
Ayam Goreng,3ft49d.jpg
Soto,iycavo.jpg
Ayam Bakar,yceb9y.jpg
Pempek,fqqcv1.jpg
Gudeg,emmfi0.jpg
Pempek,gkjs38.jpg
Coto Makassar,yoqw5u.jpg
Sate Padang,f73jrf.jpg
Rendang,1wdeap.jpg
Sate Madura,jqyrgx.jpg
Ayam Bakar,nz2ewj.jpg
Coto Makassar,y72z9y.jpg
Bakso,38izbc.jpg
Ayam Goreng,gz8kgf.jpg
Nasi Goreng,pmm0d2.jpg
Ayam Bakar,o8mydl.jpg
Soto,6ibn9o.jpg
Gudeg,bps3ft.jpg
Rawon,n40lff.jpg
Gado Gado,q3ik9j.jpg
Soto,1h42bt.jpg
Ayam Betutu,vq1v5m.jpg
Rendang,2w2xuw.jpg
Rendang,6cic7k.jpg
Nasi Goreng,nhkjs8.jpg
Gudeg,n41bgo.jpg
Pempek,0lno3u.jpg
Rawon,s6shx8.jpg
Gado Gado,i8bwqz.jpg
Sate Madura,rjh61y.jpg
Sate Padang,8he9j8.jpg
Gudeg,qyk5rv.jpg
Ayam Betutu,ml68o4.jpg
Sate Padang,785lti.jpg
Nasi Goreng,fayi6d.jpg
Rendang,zvba4z.jpg
Soto,bxm43j.jpg
Rendang,mcvwki.jpg
Coto Makassar,8g9iwk.jpg
Nasi Goreng,g84il0.jpg
Bakso,opewyx.jpg
Sate Padang,e1qkgb.jpg
Bakso,ysz8wk.jpg
Ayam Pop,j87zac.jpg
Sate Padang,73wypf.jpg
Rendang,2cklyo.jpg
Bakso,agdwir.jpg
Coto Makassar,jvbwe8.jpg
Gado Gado,pqya5z.jpg
Rawon,okxztf.jpg
Soto,8vli8c.jpg
Bakso,9xmnl0.jpg
Rawon,3w3poi.jpg
Ayam Pop,1zfqsc.jpg
Gado Gado,a7lerl.jpg
Bakso,fhswdc.jpg
Sate Madura,mwxl3o.jpg
Soto,rhedlr.jpg
Bakso,001g4d.jpg
Ayam Goreng,vnhbwb.jpg
Pempek,5fzw73.jpg
Sate Padang,rdcq2f.jpg
Gado Gado,2srwb7.jpg
Rendang,yabotd.jpg
Pempek,rpw8on.jpg
Ayam Goreng,lao6ir.jpg
Pempek,wi6m5s.jpg
Rawon,1dqt6p.jpg
Soto,57x9df.jpg
Pempek,ezq2hn.jpg
Rawon,0n0v4i.jpg
Sate Padang,bbpa15.jpg
Sate Padang,6zz5zm.jpg
Gudeg,62qc1r.jpg
Rawon,epek9v.jpg
Ayam Goreng,smnsqt.jpg
Bakso,1nnnpe.jpg
Nasi Goreng,0i9h44.jpg
Coto Makassar,paifbn.jpg
Ayam Bakar,sf95ir.jpg
Ayam Bakar,gm1fsv.jpg
Ayam Bakar,qy6tx2.jpg
Rawon,ib9vgq.jpg
Nasi Goreng,9cgklr.jpg
Gudeg,v5hi5e.jpg
Rendang,2af03u.jpg
Ayam Bakar,jca1cz.jpg
Rendang,9rry5c.jpg
Sate Padang,a2lmsa.jpg
Bakso,t5r684.jpg
Pempek,rh75yd.jpg
Rawon,pqag0r.jpg
Rawon,68mly1.jpg
Ayam Goreng,k90kew.jpg
Soto,fjv6i2.jpg
Rendang,n1wh74.jpg
Ayam Bakar,ycir11.jpg
Gado Gado,eczyph.jpg
Pempek,m5l8p1.jpg
Coto Makassar,x43o7m.jpg
Bakso,nymre8.jpg
Coto Makassar,m820c9.jpg
Sate Padang,gl6dka.jpg
Gudeg,o1srs8.jpg
Rawon,ibrkb0.jpg
Soto,rf88y4.jpg
Bakso,4k6bsb.jpg
Rawon,z0zp5a.jpg
Coto Makassar,dilbmq.jpg
Ayam Bakar,5qbss3.jpg
Coto Makassar,4gpn6h.jpg
Rawon,8nowjn.jpg
Ayam Pop,8cv0pg.jpg
Gado Gado,0efs1g.jpg
Ayam Pop,5k0e7f.jpg
Rawon,l8yskk.jpg
Sate Madura,z3kury.jpg
Gudeg,qycmkm.jpg
Ayam Betutu,hrtr7a.jpg
Ayam Pop,z5o4n2.jpg
Gado Gado,2agwws.jpg
Ayam Betutu,6wxc2q.jpg
Ayam Bakar,io1tf0.jpg
Nasi Goreng,r0r9z7.jpg
Rendang,jng051.jpg
Rawon,jik1vp.jpg
Ayam Pop,iqegtz.jpg
Nasi Goreng,rk8abj.jpg
Ayam Goreng,79r3t1.jpg
Ayam Betutu,axl5lg.jpg
Ayam Pop,z4amw4.jpg
Sate Madura,kd6fip.jpg
Gado Gado,ej5rof.jpg
Bakso,knja7x.jpg
Sate Madura,l99o0v.jpg
Bakso,f4kxuv.jpg
Coto Makassar,4qhy6g.jpg
Ayam Betutu,r6jzl8.jpg
Sate Padang,wptd7t.jpg
Ayam Bakar,k30bk4.jpg
Sate Madura,ouov1r.jpg
Bakso,vwz0aj.jpg
Pempek,5eh2nh.jpg
Bakso,9akelf.jpg
Bakso,7eotob.jpg
Bakso,o0kzw4.jpg
Ayam Betutu,g56rq8.jpg
Pempek,p5n7gd.jpg
Coto Makassar,njqxps.jpg
Coto Makassar,0ytkds.jpg
Ayam Pop,7fada4.jpg
Sate Madura,dayt3l.jpg
Ayam Pop,izxf6k.jpg
Sate Madura,f9rgnh.jpg
Bakso,zoyrp3.jpg
Gudeg,vyu4s1.jpg
Bakso,wr7kh1.jpg
Soto,3pomxg.jpg
Sate Madura,1sz6d7.jpg
Ayam Goreng,6zdxr2.jpg
Ayam Pop,7cc8qa.jpg
Gudeg,d0g2zs.jpg
Rendang,thimxy.jpg
Nasi Goreng,0n1i0k.jpg
Nasi Goreng,lpf2ce.jpg
Ayam Betutu,92gxfn.jpg
Coto Makassar,olsclo.jpg
Rawon,i16ico.jpg
Sate Madura,hx1det.jpg
Nasi Goreng,y2sh2e.jpg
Rawon,2oakpq.jpg
Sate Padang,7otne8.jpg
Sate Madura,7tzm66.jpg
Rawon,ldeaat.jpg
Pempek,turo2l.jpg
Gudeg,0k3ddz.jpg
Bakso,s1oiy6.jpg
Gado Gado,6f5j2k.jpg
Soto,h3s0k6.jpg
Gado Gado,2x16ir.jpg
Ayam Bakar,06xfo2.jpg
Rawon,5gxly2.jpg
Bakso,kezilx.jpg
Sate Madura,ws2bgj.jpg
Sate Madura,ie9ssq.jpg
Bakso,dmkugg.jpg
Coto Makassar,dpd7ak.jpg
Gado Gado,6j5anw.jpg
Rawon,sgotnl.jpg
Gado Gado,rz3x2c.jpg
Ayam Bakar,hok0yi.jpg
Pempek,wh6oyw.jpg
Gado Gado,eiikxa.jpg
Ayam Bakar,30wdkz.jpg
Ayam Bakar,kc0fqj.jpg
Pempek,6kx63v.jpg
Ayam Pop,s442pp.jpg
Ayam Pop,vml7sw.jpg
Gudeg,gcnntb.jpg
Ayam Bakar,4mi80o.jpg
Nasi Goreng,ovqh9m.jpg
Ayam Bakar,zgp5q9.jpg
Bakso,h0icyc.jpg
Bakso,je3185.jpg
Rendang,tqw5kn.jpg
Nasi Goreng,crxaub.jpg
Coto Makassar,l2v5k1.jpg
Sate Padang,kulvsc.jpg
Nasi Goreng,e4asbd.jpg
Rawon,2n5oku.jpg
Sate Padang,hwvlru.jpg
Rawon,s3k3xy.jpg
Ayam Betutu,vd7urd.jpg
Ayam Goreng,ihawpk.jpg
Bakso,6xceg0.jpg
Soto,145hh2.jpg
Pempek,qc24xl.jpg
Ayam Goreng,ocmy6r.jpg
Nasi Goreng,dv0v9o.jpg
Bakso,fmdui9.jpg
Gado Gado,zh6js1.jpg
Ayam Pop,r95uuu.jpg
Nasi Goreng,d439fy.jpg
Ayam Bakar,lbhl8b.jpg
Sate Madura,z7a810.jpg
Bakso,ynl84i.jpg
Ayam Betutu,tg7p1x.jpg
Bakso,wdarkr.jpg
Coto Makassar,9agfjm.jpg
Sate Madura,cu68lc.jpg
Gudeg,uwxaxx.jpg
Coto Makassar,i1f5xb.jpg
Nasi Goreng,ul5uhq.jpg
Sate Padang,9flzo8.jpg
Bakso,q8br2a.jpg
Gudeg,xtw1n2.jpg
Pempek,it0xeh.jpg
Sate Padang,0ulszd.jpg
Sate Madura,rh24q2.jpg
Nasi Goreng,5fne5r.jpg
Ayam Betutu,4uezsz.jpg
Rawon,7mr4ti.jpg
Ayam Goreng,wbmupm.jpg
Gudeg,jqimwk.jpg
Soto,zowgcj.jpg
Ayam Goreng,4nso9p.jpg
Rendang,0ponl7.jpg
Ayam Bakar,7z4jx1.jpg
Pempek,luuqt4.jpg
Coto Makassar,x3dx9r.jpg
Sate Padang,dxnggs.jpg
Gado Gado,e4ga2i.jpg
Nasi Goreng,0nadol.jpg
Ayam Betutu,5d7isv.jpg
Rendang,rrbs8u.jpg
Sate Padang,n8a0id.jpg
Nasi Goreng,ie80bn.jpg
Ayam Pop,s5xk6l.jpg
Coto Makassar,ov70a0.jpg
Ayam Goreng,nquemu.jpg
Pempek,sb59gy.jpg
Sate Padang,3r081t.jpg
Sate Madura,f6so9c.jpg
Soto,xoxixo.jpg
Ayam Bakar,o58819.jpg
Ayam Pop,zsmnpe.jpg
Soto,a99m2t.jpg
Ayam Bakar,xue1gi.jpg
Sate Madura,bkuecj.jpg
Rawon,wjsu4p.jpg
Ayam Bakar,3e5y8y.jpg
Pempek,1amtyr.jpg
Ayam Goreng,pcdf9f.jpg
Gado Gado,mgruqf.jpg
Rendang,tshgb1.jpg
Rendang,5596vl.jpg
Nasi Goreng,owhecb.jpg
Ayam Bakar,cjtcs4.jpg
Sate Padang,i2v6f7.jpg
Sate Padang,tqfrod.jpg
Bakso,4ehhnh.jpg
Rendang,vvr8od.jpg
Soto,9myzqe.jpg
Pempek,5b6sv4.jpg
Pempek,jisz5u.jpg
Ayam Pop,zxfjh8.jpg
Ayam Pop,q7tq7t.jpg
Coto Makassar,9qua46.jpg
Ayam Betutu,6rkuj7.jpg
Ayam Bakar,g3p5t6.jpg
Coto Makassar,gcw7kj.jpg
Coto Makassar,zte3xr.jpg
Ayam Betutu,1k7o2w.jpg
Pempek,9whi9y.jpg
Rendang,uhg7xg.jpg
Bakso,bqexvr.jpg
Rendang,da3v6g.jpg
Gado Gado,o4f8x9.jpg
Ayam Bakar,wudcoe.jpg
Soto,36xre1.jpg
Rawon,fej5c6.jpg
Nasi Goreng,e949iw.jpg
Pempek,8yvmmg.jpg
Coto Makassar,mto2w1.jpg
Ayam Bakar,6yo359.jpg
Pempek,pp30bu.jpg
Sate Madura,upct6x.jpg
Bakso,vtk8zm.jpg
Ayam Betutu,hozto2.jpg
Ayam Pop,z60vs6.jpg
Ayam Pop,0jn1nm.jpg
Sate Padang,ob1y2x.jpg
Rendang,2jynpg.jpg
Bakso,rxtjyx.jpg
Ayam Betutu,848zoa.jpg
Bakso,ih3fs5.jpg
Pempek,l4op8i.jpg
Nasi Goreng,r9ov0c.jpg
Rawon,m1k2x8.jpg
Ayam Betutu,xfqise.jpg
Ayam Betutu,4iae8r.jpg
Rawon,5uohss.jpg
Sate Madura,ndh88c.jpg
Nasi Goreng,6j3hip.jpg
Sate Padang,o0jv9o.jpg
Rawon,gqi2ol.jpg
Coto Makassar,6ziwqb.jpg
Coto Makassar,7g7u4m.jpg
Bakso,r7kz07.jpg
Ayam Pop,yn0078.jpg
Bakso,90k5x1.jpg
Gado Gado,kgd3ho.jpg
Gado Gado,76pper.jpg
Nasi Goreng,i3ew06.jpg
Ayam Pop,6xp92x.jpg
Gado Gado,h5puqm.jpg
Ayam Betutu,b2qv5l.jpg
Rendang,4m2hxo.jpg
Soto,4lmvf8.jpg
Rawon,tk7jxw.jpg
Nasi Goreng,d2iwms.jpg
Ayam Betutu,ekni7k.jpg
Coto Makassar,xqgsi3.jpg
Sate Madura,a340l8.jpg
Gudeg,hvqfsy.jpg
Soto,8n50lr.jpg
Ayam Bakar,umb0si.jpg
Ayam Betutu,ypqd48.jpg
Rawon,d18okt.jpg
Gudeg,jikc5n.jpg
Sate Madura,044hgc.jpg
Pempek,xdupb7.jpg
Coto Makassar,6a26sz.jpg
Sate Padang,b6qbd8.jpg
Gudeg,vus3uk.jpg
Ayam Pop,ubud8d.jpg
Nasi Goreng,baph1f.jpg
Pempek,kstjbx.jpg
Nasi Goreng,x7lih8.jpg
Rendang,e84kv7.jpg
Sate Padang,drilde.jpg
Ayam Goreng,amkq0p.jpg
Soto,0rvhyl.jpg
Sate Padang,ut9otk.jpg
Nasi Goreng,374w4x.jpg
Rendang,euoyfd.jpg
Soto,bnyf4s.jpg
Bakso,hh40r0.jpg
Sate Padang,bgc175.jpg
Bakso,dcv2lt.jpg
Ayam Goreng,q2ynmb.jpg
Nasi Goreng,mat95x.jpg
Sate Madura,0zbnxf.jpg
Gudeg,ut3ojs.jpg
Coto Makassar,e4b86t.jpg
Ayam Goreng,nh6b8a.jpg
Sate Madura,e7ahro.jpg
Nasi Goreng,tljc4t.jpg
Ayam Bakar,mm8evr.jpg
Nasi Goreng,uj8i6c.jpg
Sate Padang,bc7ots.jpg
Bakso,zlk3su.jpg
Sate Madura,v70nvs.jpg
Ayam Betutu,wil2hv.jpg
Nasi Goreng,lrud0n.jpg
Pempek,n044y6.jpg
Coto Makassar,8vajyf.jpg
Soto,pnayio.jpg
Ayam Bakar,pix8tl.jpg
Gudeg,tunwkf.jpg
Sate Madura,phbkrw.jpg
Pempek,v5wl4n.jpg
Ayam Betutu,zcowno.jpg
Coto Makassar,jfokso.jpg
Nasi Goreng,7u0zs1.jpg
Rendang,qe7wpb.jpg
Bakso,j6lbma.jpg
Pempek,m80fq2.jpg
Sate Padang,rdr8ze.jpg
Ayam Betutu,qmn49q.jpg
Ayam Betutu,93aq8c.jpg
Nasi Goreng,wumg1o.jpg
Gado Gado,pdrrsd.jpg
Bakso,qwkyds.jpg
Ayam Bakar,dxze9a.jpg
Ayam Bakar,sajgfh.jpg
Ayam Pop,60milu.jpg
Sate Madura,1zg59j.jpg
Gado Gado,9sllp2.jpg
Sate Padang,lso0qe.jpg
Pempek,9w4enl.jpg
Bakso,rpoo7q.jpg
Gudeg,mwfwoa.jpg
Gado Gado,5107k9.jpg
Sate Padang,i279o2.jpg
Soto,jz9jnc.jpg
Rawon,idk554.jpg
Ayam Pop,ob21vt.jpg
Coto Makassar,qpsled.jpg
Rawon,9yytzs.jpg
Ayam Pop,idm0hj.jpg
Gudeg,pdk97y.jpg
Soto,1bwc43.jpg
Nasi Goreng,zinra3.jpg
Coto Makassar,155ihd.jpg
Ayam Bakar,5oolr6.jpg
Gudeg,hv53kn.jpg
Ayam Betutu,x80v6n.jpg
Bakso,pnnhd9.jpg
Sate Madura,lberjn.jpg
Ayam Goreng,ghrvsx.jpg
Sate Madura,3o68jo.jpg
Rawon,r4h6ud.jpg
Bakso,0lgx6u.jpg
Pempek,of1ki9.jpg
Gado Gado,zi0bd3.jpg
Bakso,7v0zu4.jpg
Gudeg,f79sut.jpg
Pempek,qy7mt9.jpg
Bakso,0a4zbm.jpg
Gado Gado,zbybgj.jpg
Coto Makassar,wzggze.jpg
Sate Madura,t2rvsa.jpg
Gado Gado,lgqz67.jpg
Gudeg,ynmlbm.jpg
Pempek,it42oh.jpg
Rendang,05rl1p.jpg
Nasi Goreng,48ms9j.jpg
Ayam Pop,3su257.jpg
Rendang,oyiy5b.jpg
Sate Madura,ookbgd.jpg
Nasi Goreng,dvb4y0.jpg
Ayam Goreng,9bmxhr.jpg
Ayam Goreng,0bdt1m.jpg
Soto,6hl0kj.jpg
Ayam Betutu,4bv46t.jpg
Rawon,urxuyp.jpg
Gado Gado,6r0se7.jpg
Sate Padang,qoj6gt.jpg
Rendang,qkel8s.jpg
Bakso,cq9w6i.jpg
Ayam Goreng,2hnovf.jpg
Ayam Pop,e82en4.jpg
Ayam Pop,abcwg2.jpg
Pempek,vt0n4p.jpg
Gado Gado,ug3jqa.jpg
Ayam Bakar,f4zv1q.jpg
Rawon,sssql4.jpg
Gudeg,l7ejek.jpg
Ayam Bakar,1jtoby.jpg
Ayam Goreng,x3w0ds.jpg
Gudeg,op2u8f.jpg
Ayam Pop,40jtmv.jpg
Pempek,keujk5.jpg
Pempek,hg80vu.jpg
Ayam Pop,ch23fh.jpg
Ayam Goreng,ee72g9.jpg
Rawon,o801h0.jpg
Rawon,6ualqk.jpg
Sate Padang,fvzbji.jpg
Sate Padang,hvyawp.jpg
Nasi Goreng,9zbid0.jpg
Soto,vvyf69.jpg
Coto Makassar,nex1zv.jpg
Coto Makassar,i6kcfk.jpg
Ayam Goreng,6u4frh.jpg
Gado Gado,tzbpdw.jpg
Ayam Bakar,9k3y2g.jpg
Sate Madura,ufglxq.jpg
Pempek,qsh4f3.jpg
Ayam Pop,waiib6.jpg
Ayam Bakar,bo4eka.jpg
Nasi Goreng,7hkhdt.jpg
Soto,doxc9q.jpg
Sate Madura,gf95x5.jpg
Ayam Pop,fpcf9d.jpg
Ayam Goreng,fbrafs.jpg
Nasi Goreng,gml59a.jpg
Sate Padang,c52zjd.jpg
Soto,d1o52b.jpg
Ayam Bakar,cy3dm3.jpg
Coto Makassar,cy2lr3.jpg
Rendang,l349i8.jpg
Rawon,2vopjg.jpg
Ayam Pop,7wmfde.jpg
Soto,vzk5vm.jpg
Sate Padang,zp64up.jpg
Nasi Goreng,oqisx8.jpg
Sate Madura,6p8yqn.jpg
Gado Gado,3evh4p.jpg
Gado Gado,0jbjc1.jpg
Rendang,1bw7fs.jpg
Rawon,hb1jmg.jpg
Sate Madura,p0twyz.jpg
Sate Padang,w70njk.jpg
Gado Gado,5xs4m8.jpg
Pempek,9resvi.jpg
Gado Gado,lepfxi.jpg
Coto Makassar,oh72rr.jpg
Ayam Pop,3ibjw6.jpg
Ayam Goreng,k0kqf4.jpg
Coto Makassar,htb2kj.jpg
Nasi Goreng,dunkdp.jpg
Gudeg,lnd40g.jpg
Ayam Pop,z1v1f8.jpg
Nasi Goreng,5khb3z.jpg
Pempek,ouxhrc.jpg
Sate Madura,yidsh5.jpg
Sate Madura,mwcqyz.jpg
Sate Padang,0wnid0.jpg
Ayam Betutu,u07hgs.jpg
Ayam Bakar,3kg2sa.jpg
Rendang,a4rimo.jpg
Soto,prwl54.jpg
Rawon,2otxod.jpg
Soto,py8rv7.jpg
Ayam Goreng,bgjeew.jpg
Ayam Bakar,scxzje.jpg
Soto,gbz6u6.jpg
Gado Gado,vg2ghy.jpg
Nasi Goreng,clmjhx.jpg
Rendang,t8f6yq.jpg
Coto Makassar,f1xz51.jpg
Ayam Betutu,dma4tk.jpg
Ayam Bakar,mm3o2m.jpg
Gudeg,4cly0r.jpg
Ayam Bakar,cl44xn.jpg
Sate Madura,bt7pv7.jpg
Bakso,k2wuv0.jpg
Ayam Pop,mtmyvd.jpg
Ayam Bakar,rwdu7v.jpg
Ayam Bakar,ytcwjz.jpg
Ayam Betutu,jbh7vp.jpg
Ayam Pop,kp311m.jpg
Sate Madura,4nw97o.jpg
Rendang,0ooxqz.jpg
Coto Makassar,0nbcxo.jpg
Soto,vo0c3m.jpg
Rawon,n7ob1y.jpg
Ayam Bakar,l0xz3s.jpg
Soto,w35myi.jpg
Ayam Pop,5hr6nm.jpg
Soto,bovqd5.jpg
Soto,i0sv4s.jpg
Rawon,zdizyn.jpg
Sate Padang,m6eu26.jpg
Nasi Goreng,a6rxk7.jpg
Sate Madura,9d5n2u.jpg
Pempek,564az4.jpg
Gado Gado,l4db7k.jpg
Nasi Goreng,50z00b.jpg
Gado Gado,ihfxwe.jpg
Ayam Bakar,494rae.jpg
Pempek,it413f.jpg
Gado Gado,d5ut0z.jpg
Gado Gado,iuz43x.jpg
Ayam Bakar,gbzw5z.jpg
Gado Gado,pwis1w.jpg
Gudeg,7gwsde.jpg
Gado Gado,5h2mkx.jpg
Gado Gado,ppoyu5.jpg
Gado Gado,chy0mb.jpg
Ayam Betutu,f9y79f.jpg
Ayam Betutu,tcwizd.jpg
Sate Padang,dnow2h.jpg
Gado Gado,c86b9c.jpg
Bakso,0c7gsd.jpg
Soto,4x0wjg.jpg
Ayam Betutu,qs0xm3.jpg
Ayam Pop,2clm2x.jpg
Ayam Goreng,o1345q.jpg
Nasi Goreng,zxtp44.jpg
Ayam Goreng,fwa9u1.jpg
Sate Madura,zc32ka.jpg
Rendang,5koy6m.jpg
Ayam Goreng,438qta.jpg
Pempek,i6ix82.jpg
Gado Gado,jd53k7.jpg
Soto,tsuyrk.jpg
Ayam Betutu,53g2yo.jpg
Ayam Betutu,jlform.jpg
Pempek,5gsu6i.jpg
Ayam Pop,ryjgte.jpg
Sate Madura,glvnbp.jpg
Ayam Bakar,bz8f34.jpg
Bakso,ecs485.jpg
Nasi Goreng,tb6emb.jpg
Ayam Betutu,oywcn1.jpg
Bakso,9kipsa.jpg
Gado Gado,n2j007.jpg
Coto Makassar,ohy4bf.jpg
Gudeg,sst6ux.jpg
Ayam Goreng,s1lm3i.jpg
Ayam Bakar,klxd55.jpg
Nasi Goreng,axko1l.jpg
Gudeg,r5degw.jpg
Ayam Pop,w3wsz2.jpg
Pempek,d1hp6g.jpg
Rawon,xpcgoh.jpg
Coto Makassar,5d3t0q.jpg
Soto,l4eapd.jpg
Bakso,lklwlp.jpg
Bakso,jdtomx.jpg
Sate Madura,jc73p9.jpg
Nasi Goreng,fjfvu0.jpg
Ayam Pop,d6eplm.jpg
Sate Padang,ufxvv9.jpg
Ayam Betutu,du7zfb.jpg
Ayam Betutu,s3ngcp.jpg
Ayam Bakar,2b3cw1.jpg
Bakso,gupp2w.jpg
Gudeg,vwrsky.jpg
Coto Makassar,y9evk4.jpg
Ayam Goreng,v1okb9.jpg
Ayam Goreng,kik9vw.jpg
Ayam Bakar,xynnlk.jpg
Rendang,d3ugxw.jpg
Gado Gado,kvwy5w.jpg
Pempek,cq2cua.jpg
Rawon,bx0fdi.jpg
Sate Padang,muh30p.jpg
Ayam Pop,ibj79f.jpg
Sate Padang,9m5tgg.jpg
Nasi Goreng,1id7e9.jpg
Ayam Pop,gii8fp.jpg
Gado Gado,ld1dk4.jpg
Rendang,vkf4rt.jpg
Sate Padang,k5i8k2.jpg
Rendang,ohg23q.jpg
Gudeg,2y7gz6.jpg
Ayam Bakar,nt3ucf.jpg
Rawon,dsxbqh.jpg
Gudeg,6op2wv.jpg
Sate Padang,m95dai.jpg
Coto Makassar,87bddh.jpg
Coto Makassar,pi5k0w.jpg
Pempek,et5tqj.jpg
Nasi Goreng,obyfyg.jpg
Bakso,zax7cb.jpg
Ayam Goreng,wr88dd.jpg
Sate Padang,ziagjj.jpg
Gudeg,94hgwu.jpg
Sate Madura,hqcopv.jpg
Rendang,zw4a0b.jpg
Ayam Goreng,edf883.jpg
Ayam Goreng,g9qsqo.jpg
Rendang,gqguzu.jpg
Ayam Bakar,wnugta.jpg
Gado Gado,8qchfx.jpg
Nasi Goreng,6vmx50.jpg
Rawon,d7q6lb.jpg
Bakso,ox6gue.jpg
Bakso,j0bllt.jpg
Soto,qattsx.jpg
Gudeg,d42ds9.jpg
Ayam Bakar,se0yeg.jpg
Nasi Goreng,1dtrgj.jpg
Ayam Pop,1n7l8b.jpg
Rawon,kbv4rf.jpg
Rawon,7bgehm.jpg
Sate Madura,3amnqa.jpg
Gudeg,mwtr04.jpg
Nasi Goreng,oj74nv.jpg
Ayam Betutu,gbs1g2.jpg
Gado Gado,y7x0hp.jpg
Ayam Pop,9gus7u.jpg
Soto,tzhr8f.jpg
Gado Gado,vhgf0s.jpg
Soto,3l3zg7.jpg
Soto,7n69qz.jpg
Bakso,8gjh9g.jpg
Soto,bqqkx6.jpg
Ayam Bakar,36nii2.jpg
Gado Gado,5ler5c.jpg
Sate Madura,qt63ww.jpg
Coto Makassar,wc0l6g.jpg
Coto Makassar,o31nsm.jpg
Rendang,m17tj0.jpg
Rawon,2a5vww.jpg
Sate Padang,urmyw6.jpg
Ayam Betutu,hyoyfh.jpg
Bakso,z6eglr.jpg
Sate Madura,z3bvq4.jpg
Soto,hmtchh.jpg
Ayam Goreng,ms4hnx.jpg
Gado Gado,b4yxb2.jpg
Pempek,b4cogt.jpg
Gudeg,gjrtfj.jpg
Rendang,8iibhw.jpg
Gado Gado,hhc5gr.jpg
Soto,ajy0b6.jpg
Sate Madura,qt4xzm.jpg
Ayam Pop,l6rh6g.jpg
Ayam Goreng,il8s5m.jpg
Ayam Bakar,xr4jic.jpg
Bakso,k7bdxq.jpg
Soto,cc2pm4.jpg
Sate Padang,j2y7lq.jpg
Soto,bwf378.jpg
Rawon,febgnq.jpg
Ayam Goreng,ur50d7.jpg
Rawon,ud12ui.jpg
Gudeg,nyedqa.jpg
Gudeg,vnlp8t.jpg
Gado Gado,wwxbjf.jpg
Rawon,ax1fij.jpg
Sate Madura,fkaqwt.jpg
Coto Makassar,7jjxx4.jpg
Pempek,wuob4b.jpg
Ayam Goreng,j7mqis.jpg
Nasi Goreng,5co3al.jpg
Ayam Bakar,9rm2el.jpg
Rawon,kexdae.jpg
Nasi Goreng,4ezkeo.jpg
Nasi Goreng,ofegbt.jpg
Sate Madura,xneomh.jpg
Pempek,5bogwu.jpg
Sate Madura,5u89p9.jpg
Rawon,ygd37o.jpg
Ayam Bakar,s5oqmo.jpg
Ayam Goreng,8ekyw1.jpg
Ayam Goreng,7qfhsz.jpg
Gado Gado,axw831.jpg
Pempek,pku6ad.jpg
Sate Padang,ai9tfy.jpg
Ayam Pop,a4i0e0.jpg
Pempek,7l8n2k.jpg
Sate Padang,26trmn.jpg
Sate Madura,6zw8ko.jpg
Gudeg,ygksoc.jpg
Gado Gado,rph4qu.jpg
Rendang,rdue5k.jpg
Coto Makassar,cs21m6.jpg
Ayam Goreng,upflic.jpg
Coto Makassar,30viw0.jpg
Nasi Goreng,qhrh8h.jpg
Rendang,yww2im.jpg
Coto Makassar,d72x4i.jpg
Ayam Bakar,ko52ur.jpg
Coto Makassar,0mcxwy.jpg
Ayam Betutu,9jpf9z.jpg
Gudeg,mv4g7m.jpg
Ayam Goreng,885f7b.jpg
Rendang,cltttb.jpg
Rendang,6a95lp.jpg
Ayam Goreng,ndogz5.jpg
Gado Gado,vctpq4.jpg
Ayam Goreng,8yswpb.jpg
Ayam Bakar,la7rek.jpg
Bakso,wvgrfw.jpg
Ayam Betutu,82a4np.jpg
Pempek,en15fa.jpg
Coto Makassar,3y092h.jpg
Coto Makassar,ah3p50.jpg
Ayam Goreng,p74uqr.jpg
Ayam Betutu,owq8cn.jpg
Coto Makassar,hkn635.jpg
Ayam Goreng,osjvxg.jpg
Soto,16zfgf.jpg
Ayam Betutu,gt2i11.jpg
Sate Madura,7d66dq.jpg
Bakso,kz1ptl.jpg
Coto Makassar,s55y8u.jpg
Bakso,8p5mcc.jpg
Sate Madura,rovz0e.jpg
Ayam Pop,ndcedy.jpg
Sate Padang,plnf7f.jpg
Rendang,lfd28s.jpg
Ayam Bakar,921mhp.jpg
Sate Madura,ai3m4l.jpg
Nasi Goreng,7okip0.jpg
Rawon,3kcczj.jpg
Soto,ps3o3r.jpg
Ayam Pop,bizwb6.jpg
Ayam Goreng,oabzxd.jpg
Pempek,393ykh.jpg
Ayam Pop,ca6jm4.jpg
Ayam Goreng,ua8543.jpg
Coto Makassar,q0yg1j.jpg
Coto Makassar,cc7iqw.jpg
Ayam Pop,43t7pm.jpg
Ayam Betutu,dasa7o.jpg
Ayam Goreng,u0e1s7.jpg
Gado Gado,epj5wi.jpg
Pempek,nxm81r.jpg
Coto Makassar,p8t2t1.jpg
Pempek,kgegj7.jpg
Pempek,xnx229.jpg
Pempek,qtkatx.jpg
Rawon,emdrz5.jpg
Bakso,zd3s5t.jpg
Ayam Goreng,ufcace.jpg
Rawon,e1ie7a.jpg
Gado Gado,mhmgqe.jpg
Ayam Bakar,td41ma.jpg
Coto Makassar,a1ao2b.jpg
Coto Makassar,ehw58i.jpg
Sate Madura,1g8f79.jpg
Pempek,8x53sf.jpg
Coto Makassar,b2druv.jpg
Sate Padang,pvm65g.jpg
Bakso,4b5bv6.jpg
Sate Madura,ngmsmj.jpg
Nasi Goreng,s1ruue.jpg
Bakso,jcror9.jpg
Ayam Betutu,0dmw2s.jpg
Pempek,yg8xoo.jpg
Nasi Goreng,2j25wt.jpg
Ayam Pop,rymi9p.jpg
Ayam Betutu,fnfe6h.jpg
Ayam Goreng,95atmb.jpg
Gado Gado,yfmfb4.jpg
Nasi Goreng,hl5s04.jpg
Soto,ajndsd.jpg
Coto Makassar,dztszh.jpg
Sate Padang,iom5c8.jpg
Rendang,3qsupf.jpg
Pempek,rjrz9j.jpg
Nasi Goreng,y1f8xg.jpg
Nasi Goreng,bhccgs.jpg
Ayam Bakar,xzs170.jpg
Gudeg,9uj7hq.jpg
Bakso,6d2buk.jpg
Gudeg,u5ie55.jpg
Bakso,gk5k0n.jpg
Soto,1tdkyf.jpg
Coto Makassar,21ys0a.jpg
Sate Padang,7ku8dd.jpg
Coto Makassar,pz7po2.jpg
Bakso,bxnhy2.jpg
Ayam Bakar,edhccj.jpg
Rendang,8nbifs.jpg
Pempek,915nvv.jpg
Pempek,thrv5n.jpg
Coto Makassar,7x2q3g.jpg
Rendang,9odjp5.jpg
Pempek,wcuykv.jpg
Nasi Goreng,cw9fa5.jpg
Ayam Betutu,we0z4w.jpg
Soto,l7fms7.jpg
Ayam Goreng,7njdg5.jpg
Sate Madura,o46o40.jpg
Ayam Betutu,x9zcob.jpg
Sate Madura,ixxpmh.jpg
Sate Madura,l9wxzq.jpg
Ayam Bakar,9p31ja.jpg
Bakso,z9nnkd.jpg
Sate Madura,40ma7s.jpg
Coto Makassar,22ewh2.jpg
Bakso,qpn3iv.jpg
Rawon,jn4oay.jpg
Bakso,ihhda9.jpg
Ayam Goreng,ae3v49.jpg
Rawon,06ni3h.jpg
Rendang,ohu1vx.jpg
Ayam Goreng,66bw4a.jpg
Bakso,18ajqg.jpg
Ayam Goreng,f5m8rs.jpg
Rawon,0vnn39.jpg
Nasi Goreng,of2v92.jpg
Nasi Goreng,smpcp8.jpg
Nasi Goreng,xlhhl3.jpg
Gado Gado,i5qxxz.jpg
Bakso,nnztb6.jpg
Bakso,d10qqh.jpg
Sate Padang,c7k9or.jpg
Nasi Goreng,iu78n2.jpg
Ayam Betutu,q0tany.jpg
Ayam Bakar,l4ua7b.jpg
Ayam Bakar,uavvov.jpg
Pempek,ogja1x.jpg
Ayam Bakar,7jjiih.jpg
Ayam Pop,0awfz8.jpg
Soto,vbvgl0.jpg
Ayam Pop,c52t2s.jpg
Ayam Pop,mja3kk.jpg
Soto,boxwzk.jpg
Gudeg,xpe3i6.jpg
Nasi Goreng,tccnln.jpg
Ayam Betutu,q1o13g.jpg
Ayam Bakar,qmvw1j.jpg
Ayam Pop,2ita0z.jpg
Ayam Goreng,gvlcxh.jpg
Soto,nph7w2.jpg
Nasi Goreng,yqphe9.jpg
Sate Madura,ygpjho.jpg
Ayam Pop,hseb9k.jpg
Ayam Goreng,tmrkvv.jpg
Ayam Goreng,nxckwv.jpg
Sate Madura,hg4ika.jpg
Gudeg,atxaiq.jpg
Pempek,jjjjkc.jpg
Ayam Pop,us5zj8.jpg
Ayam Goreng,odqg8r.jpg
Gado Gado,dz2mqm.jpg
Bakso,xslrlc.jpg
Sate Madura,gefka4.jpg
Pempek,7c0l6c.jpg
Bakso,gimwq0.jpg
Ayam Betutu,h16q2c.jpg
Rendang,2zckph.jpg
Rendang,2cklyo.jpg
Rawon,as5wyd.jpg
Sate Padang,idf6wu.jpg
Gado Gado,zy59f0.jpg
Gudeg,nwglxd.jpg
Gado Gado,kr1g9u.jpg
Ayam Betutu,gdrstf.jpg
Rawon,5i7dr4.jpg
Sate Madura,41uyi0.jpg
Ayam Bakar,wd2tj9.jpg
Rendang,02y5fc.jpg
Gudeg,t3fjnn.jpg
Coto Makassar,k15ckq.jpg
Sate Padang,topd8i.jpg
Soto,bm07ob.jpg
Bakso,wk46zj.jpg
Gado Gado,f0szxo.jpg
Rendang,2er23v.jpg
Nasi Goreng,1qbpjd.jpg
Ayam Pop,g8q10z.jpg
Gado Gado,42kg3d.jpg
Nasi Goreng,onc53d.jpg
Gudeg,bkzz8c.jpg
Coto Makassar,6y9vho.jpg
Gado Gado,n1e0ne.jpg
Rawon,u97zde.jpg
Gado Gado,06b0j5.jpg
Rendang,msy2ss.jpg
Rawon,kfia6p.jpg
Nasi Goreng,62ezv8.jpg
Ayam Bakar,5cvbyv.jpg
Sate Madura,x4tqp6.jpg
Nasi Goreng,4427yo.jpg
Ayam Pop,tw3xq1.jpg
Sate Padang,fi0fmt.jpg
Bakso,i4axia.jpg
Pempek,lwo2eg.jpg
Ayam Betutu,ly0p05.jpg
Ayam Goreng,2j2xfw.jpg
Ayam Goreng,vfdaug.jpg
Gudeg,qyg63n.jpg
Rawon,oxw1ko.jpg
Gado Gado,7cl1or.jpg
Rawon,pe9a1w.jpg
Ayam Betutu,em107b.jpg
Ayam Betutu,05dnk4.jpg
Ayam Bakar,2xo2wz.jpg
Rawon,dkgbev.jpg
Soto,b32amx.jpg
Ayam Goreng,0u30lb.jpg
Rawon,4kd323.jpg
Gudeg,hnbg3f.jpg
Soto,h0jvma.jpg
Rendang,gozirt.jpg
Nasi Goreng,9q011q.jpg
Gado Gado,07nmzv.jpg
Pempek,ji8te0.jpg
Pempek,qe20dk.jpg
Nasi Goreng,3sz5el.jpg
Sate Madura,q1unil.jpg
Rawon,opyu8f.jpg
Sate Padang,souf92.jpg
Nasi Goreng,rerwtn.jpg
Rendang,o56pq1.jpg
Nasi Goreng,qsdp6k.jpg
Pempek,0b1pxi.jpg
Nasi Goreng,wojmoc.jpg
Sate Madura,d9z538.jpg
Sate Padang,80evge.jpg
Ayam Goreng,3t6hxh.jpg
Sate Madura,kwixkt.jpg
Gudeg,u109h0.jpg
Rendang,2gv3xl.jpg
Gado Gado,2ze52q.jpg
Ayam Bakar,hl41sp.jpg
Ayam Pop,k8m4xg.jpg
Gado Gado,p571ek.jpg
Ayam Goreng,is3z44.jpg
Ayam Bakar,vqih6y.jpg
Nasi Goreng,78vp28.jpg
Ayam Betutu,wx2c89.jpg
Gudeg,wwau5z.jpg
Ayam Betutu,o30wxz.jpg
Gado Gado,xk9k4m.jpg
Sate Padang,giptda.jpg
Coto Makassar,yhpp0w.jpg
Gudeg,vs2xna.jpg
Sate Padang,lkadmu.jpg
Coto Makassar,dowese.jpg
Rendang,dnsn98.jpg
Gudeg,74eg69.jpg
Rendang,itp709.jpg
Bakso,xmm1oh.jpg
Soto,kgovqk.jpg
Rawon,t134f4.jpg
Sate Padang,rmo1hn.jpg
Sate Padang,58ipn3.jpg
Coto Makassar,nr8s0t.jpg
Ayam Bakar,x5fovl.jpg
Rendang,aev112.jpg
Rawon,bpd5rj.jpg
Soto,ua87ko.jpg
Sate Madura,5ezqbz.jpg
Ayam Pop,fk8utf.jpg
Gudeg,ol6bsi.jpg
Sate Madura,sj0bdq.jpg
Gado Gado,9skpi5.jpg
Coto Makassar,wen60k.jpg
Ayam Bakar,bnlrt9.jpg
Sate Padang,5p0yu7.jpg
Sate Madura,mry70l.jpg
Ayam Goreng,3raki2.jpg
Ayam Bakar,ge48g1.jpg
Sate Padang,0d87ub.jpg
Sate Madura,bic5xq.jpg
Sate Padang,ukjyaw.jpg
Rendang,ph2zhb.jpg
Rawon,wmn14x.jpg
Sate Madura,mxivqa.jpg
Rendang,i630wm.jpg
Ayam Betutu,b7q24b.jpg
Ayam Pop,iv8gk1.jpg
Rawon,x4o9tp.jpg
Ayam Betutu,oetw8i.jpg
Sate Padang,mxbxb7.jpg
Ayam Pop,n31rta.jpg
Nasi Goreng,joyn5j.jpg
Ayam Pop,7w14hn.jpg
Ayam Pop,c07m81.jpg
Sate Padang,uyv9fb.jpg
Ayam Goreng,1l84hg.jpg
Rendang,0m4riy.jpg
Sate Madura,5ytesw.jpg
Gudeg,su8rbx.jpg
Bakso,q27xsf.jpg
Sate Padang,ddhlwg.jpg
Ayam Goreng,anuf5o.jpg
Sate Madura,rxjuqb.jpg
Rendang,t5dzvj.jpg
Nasi Goreng,rtj060.jpg
Rawon,8zaug5.jpg
Sate Madura,47kgfi.jpg
Soto,mvy3yq.jpg
Ayam Betutu,n3jkct.jpg
Gudeg,cpe2nj.jpg
Pempek,0hi93z.jpg
Coto Makassar,u35jq8.jpg
Coto Makassar,3811or.jpg
Rendang,8q31r5.jpg
Nasi Goreng,ms49k5.jpg
Ayam Betutu,gj31qd.jpg
Coto Makassar,xavqmm.jpg
Bakso,axniw7.jpg
Ayam Betutu,divke7.jpg
Sate Madura,xkgods.jpg
Coto Makassar,0srga7.jpg
Coto Makassar,s4gmsi.jpg
Sate Madura,czhp8e.jpg
Gudeg,b38wdq.jpg
Pempek,4kfq4b.jpg
Ayam Pop,3p69fx.jpg
Ayam Betutu,0jhqn6.jpg
Ayam Betutu,vt92ep.jpg
Rendang,maj5yj.jpg
Gado Gado,sewonc.jpg
Bakso,wb88ci.jpg
Coto Makassar,mxt96h.jpg
Ayam Betutu,hq6p72.jpg
Pempek,alk3we.jpg
Rawon,3gnz9l.jpg
Soto,zw8qts.jpg
Sate Madura,cyy41n.jpg
Ayam Betutu,fkigwi.jpg
Ayam Bakar,s6rr88.jpg
Coto Makassar,tmm10m.jpg
Ayam Betutu,t5mnio.jpg
Rawon,75gld7.jpg
Sate Madura,jen4jj.jpg
Gudeg,blxehh.jpg
Ayam Betutu,6q4zel.jpg
Bakso,ii3wdd.jpg
Coto Makassar,zm0yge.jpg
Soto,eislq1.jpg
Soto,vlvitx.jpg
Soto,vrzcpc.jpg
Soto,r8gcn2.jpg
Sate Madura,5iz2fr.jpg
Ayam Goreng,89kb7n.jpg
Bakso,bswz3m.jpg
Nasi Goreng,uf4eqa.jpg
Sate Madura,9x74vb.jpg
Gado Gado,qibfxo.jpg
Gado Gado,4yc5rk.jpg
Ayam Pop,21d9wl.jpg
Bakso,hnh9n8.jpg
Ayam Goreng,117b96.jpg
Soto,w8e2dj.jpg
Ayam Pop,0pnite.jpg
Ayam Pop,q6s7rd.jpg
Soto,dwlwra.jpg
Sate Madura,f902re.jpg
Sate Padang,rtt4pk.jpg
Coto Makassar,ljee0i.jpg
Rendang,ffeqjq.jpg
Sate Padang,9v5s8e.jpg
Ayam Pop,eswhow.jpg
Bakso,gkbth8.jpg
Soto,legvj6.jpg
Pempek,wcyzmw.jpg
Ayam Pop,dzdqek.jpg
Ayam Goreng,j7ol8u.jpg
Gado Gado,zk95wk.jpg
Ayam Goreng,b41cwd.jpg
Sate Padang,n1u4uh.jpg
Ayam Goreng,lhlvz0.jpg
Ayam Bakar,ywtpui.jpg
Gudeg,ay3axz.jpg
Sate Padang,jyvidr.jpg
Bakso,3d736x.jpg
Nasi Goreng,pyhd89.jpg
Ayam Pop,wqrcbn.jpg
Pempek,0zh3pc.jpg
Rawon,45hmjs.jpg
Bakso,zjns82.jpg
Nasi Goreng,b6omka.jpg
Gudeg,isxxwg.jpg
Sate Padang,zj0sby.jpg
Ayam Goreng,2aqwr1.jpg
Ayam Bakar,afwgja.jpg
Gado Gado,ja81t2.jpg
Gudeg,fbvyjb.jpg
Pempek,m5nxhl.jpg
Coto Makassar,wwl7hl.jpg
Rawon,onctf9.jpg
Soto,kxiwne.jpg
Soto,444vd8.jpg
Bakso,tbvvml.jpg
Pempek,012nt0.jpg
Bakso,722inx.jpg
Soto,06ep5v.jpg
Gado Gado,ysr9ym.jpg
Ayam Bakar,6vw1s8.jpg
Rawon,kicwxo.jpg
Coto Makassar,vnwxs5.jpg
Soto,uz8vpn.jpg
Ayam Betutu,y8wkeo.jpg
Nasi Goreng,m7q163.jpg
Nasi Goreng,xq6ae8.jpg
Ayam Betutu,q2he79.jpg
Ayam Goreng,iox8qv.jpg
Sate Madura,0x2t1e.jpg
Coto Makassar,6egtvx.jpg
Ayam Goreng,fodm0z.jpg
Rendang,1suq8c.jpg
Ayam Betutu,8w0uhq.jpg
Sate Padang,6f1kef.jpg
Sate Madura,z57gsw.jpg
Soto,akey3t.jpg
Coto Makassar,mejk4l.jpg
Gado Gado,9ro9eh.jpg
Nasi Goreng,gs6kpc.jpg
Ayam Pop,ovpl0r.jpg
Ayam Bakar,qiv4ht.jpg
Sate Padang,f8e7h6.jpg
Ayam Betutu,r88q6g.jpg
Soto,vfljow.jpg
Sate Madura,rm2kga.jpg
Ayam Pop,nustdy.jpg
Ayam Bakar,yo19i3.jpg
Ayam Pop,6iskow.jpg
Bakso,2dv0pz.jpg
Sate Madura,qsuic5.jpg
Ayam Pop,ungzpo.jpg
Ayam Goreng,xkj4rb.jpg
Sate Madura,v5c2r8.jpg
Ayam Pop,dchey9.jpg
Nasi Goreng,xdeqr5.jpg
Coto Makassar,6dg4io.jpg
Ayam Goreng,s189lz.jpg
Rendang,i9oirk.jpg
Coto Makassar,bfzcw0.jpg
Pempek,4x6kn9.jpg
Ayam Bakar,ifc83g.jpg
Ayam Bakar,pul05e.jpg
Bakso,56xhn2.jpg
Coto Makassar,uxr2zd.jpg
Ayam Bakar,rrt19p.jpg
Gudeg,mmny9v.jpg
Ayam Goreng,3iypzq.jpg
Sate Madura,wm4kpo.jpg
Sate Madura,pjotrz.jpg
Ayam Pop,ueaivb.jpg
Ayam Bakar,5bezos.jpg
Nasi Goreng,genq7h.jpg
Nasi Goreng,3bo75p.jpg
Rawon,ruz1ez.jpg
Nasi Goreng,wu4i4r.jpg
Ayam Bakar,3z46l3.jpg
Rendang,1f53pn.jpg
Ayam Goreng,achmh5.jpg
Gudeg,8lpgy4.jpg
Ayam Betutu,9jyxcw.jpg
Ayam Betutu,qp5kic.jpg
Pempek,ef3qsj.jpg
Rendang,obyekx.jpg
Sate Padang,w93sls.jpg
Gudeg,bp5mrz.jpg
Ayam Betutu,1i7hiq.jpg
Ayam Goreng,cbcwhc.jpg
Ayam Pop,gyp4du.jpg
Rendang,gm0f1z.jpg
Gudeg,h7hmo8.jpg
Sate Madura,rjz343.jpg
Sate Madura,vwu89o.jpg
Coto Makassar,x57avf.jpg
Gudeg,otqymg.jpg
Rawon,u0uiw6.jpg
Coto Makassar,ew9sa0.jpg
Gado Gado,hjm951.jpg
Bakso,9nvwlr.jpg
Nasi Goreng,11z4yt.jpg
Rendang,bgn885.jpg
Bakso,o0xm7f.jpg
Ayam Pop,gp8gcw.jpg
Nasi Goreng,qvxxjm.jpg
Nasi Goreng,2ci3qb.jpg
Coto Makassar,lk4hbi.jpg
Nasi Goreng,gizl11.jpg
Ayam Goreng,1xjpr1.jpg
Rendang,berjml.jpg
Ayam Pop,m24he7.jpg
Ayam Bakar,8k02q0.jpg
Nasi Goreng,4f3d2l.jpg
Ayam Betutu,7djy3o.jpg
Ayam Betutu,9iml7q.jpg
Nasi Goreng,7xqy0r.jpg
Pempek,99856s.jpg
Ayam Bakar,glgaf8.jpg
Ayam Betutu,mtbsd6.jpg
Sate Madura,a5mstg.jpg
Rendang,wf0cn5.jpg
Gudeg,wu33a3.jpg
Pempek,27lwoj.jpg
Ayam Pop,8v0433.jpg
Ayam Bakar,7ncktp.jpg
Ayam Pop,v0qo3e.jpg
Gado Gado,kbiakn.jpg
Ayam Pop,sp3l7v.jpg
Ayam Goreng,hiphcn.jpg
Pempek,zprbi0.jpg
Soto,6ln0r0.jpg
Sate Padang,gtukex.jpg
Soto,tcr1la.jpg
Coto Makassar,nqexl4.jpg
Ayam Bakar,v0y3lj.jpg
Bakso,xgeyg6.jpg
Ayam Goreng,ej6oqv.jpg
Rendang,bgjx54.jpg
Rendang,a7v4a0.jpg
Coto Makassar,rmwqdc.jpg
Nasi Goreng,8di6ql.jpg
Gudeg,37cfd7.jpg
Sate Padang,cvl0o9.jpg
Gado Gado,5tnyre.jpg
Sate Madura,hc03ay.jpg
Sate Padang,r25c65.jpg
Coto Makassar,yp6qs6.jpg
Pempek,hjtspr.jpg
Sate Padang,txxreu.jpg
Ayam Betutu,qpniuy.jpg
Sate Padang,wojr93.jpg
Soto,pr66mq.jpg
Coto Makassar,h10szc.jpg
Nasi Goreng,qoi73t.jpg
Gudeg,mer6lb.jpg
Soto,vgjnjg.jpg
Coto Makassar,0t4dw6.jpg
Ayam Bakar,1ok1aa.jpg
Pempek,ngkx2x.jpg
Bakso,erp886.jpg
Gado Gado,pxrbz6.jpg
Ayam Bakar,kpr7mt.jpg
Ayam Goreng,ma30j3.jpg
Ayam Goreng,f7s3ue.jpg
Gado Gado,vf9l0x.jpg
Ayam Pop,0tzc38.jpg
Gudeg,1p0r1v.jpg
Gado Gado,xbs407.jpg
Ayam Bakar,iyfzx8.jpg
Sate Madura,2grokf.jpg
Ayam Betutu,rhhk7d.jpg
Ayam Bakar,ovosd1.jpg
Gado Gado,74a2hv.jpg
Bakso,z5ujht.jpg
Bakso,nzyl10.jpg
Ayam Betutu,excqh1.jpg
Sate Padang,134ovu.jpg
Soto,5qicr1.jpg
Gado Gado,ue4twg.jpg
Sate Madura,jiw1q0.jpg
Ayam Bakar,yv1eh2.jpg
Pempek,biajme.jpg
Rendang,8harg6.jpg
Soto,frw7sk.jpg
Soto,al7981.jpg
Ayam Pop,morqij.jpg
Ayam Goreng,f8wi6r.jpg
Coto Makassar,uor0sm.jpg
Nasi Goreng,19icyo.jpg
Nasi Goreng,5bsfov.jpg
Ayam Betutu,y2pnm8.jpg
Ayam Pop,fnc5na.jpg
Rendang,oqow4c.jpg
Rawon,ef0kh3.jpg
Rawon,wiww5c.jpg
Nasi Goreng,zbicqn.jpg
Gado Gado,hdevts.jpg
Sate Padang,p6v3zu.jpg
Ayam Bakar,95sa7a.jpg
Bakso,h6nukt.jpg
Sate Madura,g9746o.jpg
Soto,2gz7kr.jpg
Nasi Goreng,ut05g5.jpg
Sate Madura,jj8nl7.jpg
Gudeg,b5gx9d.jpg
Ayam Pop,mjur5x.jpg
Coto Makassar,rzlej0.jpg
Sate Padang,e977kj.jpg
Nasi Goreng,qbklp0.jpg
Pempek,76mneh.jpg
Soto,0xgguz.jpg
Sate Madura,83xggy.jpg
Rawon,3p7y8b.jpg
Gudeg,xfzgkk.jpg
Pempek,j0yqcb.jpg
Pempek,3vjbfd.jpg
Sate Madura,xtjn8t.jpg
Nasi Goreng,nvk29c.jpg
Pempek,sp7ajm.jpg
Ayam Bakar,6cfo3f.jpg
Ayam Pop,0slbja.jpg
Sate Padang,npigty.jpg
Pempek,pm6z1q.jpg
Pempek,t6zhsn.jpg
Coto Makassar,h71uty.jpg
Sate Padang,pxsddz.jpg
Bakso,2biqkn.jpg
Coto Makassar,43ceq2.jpg
Ayam Betutu,2h06fj.jpg
Ayam Goreng,cipt8i.jpg
Bakso,n60bk5.jpg
Ayam Bakar,0ajmcr.jpg
Rendang,k94677.jpg
Gudeg,o65cii.jpg
Bakso,fsui63.jpg
Sate Padang,sf172m.jpg
Ayam Bakar,7ybztr.jpg
Ayam Pop,qvs4z9.jpg
Pempek,u90ra2.jpg
Soto,jtnype.jpg
Soto,xjg0kl.jpg
Ayam Pop,oyi6ji.jpg
Sate Padang,5tpumy.jpg
Sate Padang,qqgq19.jpg
Sate Padang,qk2ek0.jpg
Sate Madura,9uqg3y.jpg
Bakso,on0575.jpg
Gado Gado,xbpdpo.jpg
Nasi Goreng,i38hu6.jpg
Ayam Bakar,c5kuy4.jpg
Ayam Goreng,4sgc3z.jpg
Soto,2b2j5g.jpg
Coto Makassar,r1gltt.jpg
Pempek,rxyylg.jpg
Sate Madura,rx0834.jpg
Sate Madura,sabp9v.jpg
Gado Gado,sm51kh.jpg
Gado Gado,yo9ha2.jpg
Sate Madura,2ardha.jpg
Ayam Goreng,susolk.jpg
Ayam Betutu,know6l.jpg
Soto,hg1bqt.jpg
Sate Madura,qbp37w.jpg
Sate Padang,5lhd95.jpg
Bakso,dbio1s.jpg
Nasi Goreng,51tohs.jpg
Ayam Pop,84qti2.jpg
Pempek,wirnf2.jpg
Ayam Bakar,xmol6w.jpg
Coto Makassar,2r8ivm.jpg
Ayam Goreng,y1w7l8.jpg
Sate Padang,bwtwjw.jpg
Sate Madura,w3s9l5.jpg
Pempek,4mc4wr.jpg
Gado Gado,a6idc6.jpg
Nasi Goreng,vpmim8.jpg
Gudeg,3pm1a5.jpg
Nasi Goreng,hzqexv.jpg
Ayam Bakar,ru0sl7.jpg
Soto,a44jun.jpg
Gado Gado,2guc2p.jpg
Ayam Betutu,x4r03l.jpg
Sate Padang,24iycn.jpg
Ayam Betutu,dzkthy.jpg
Soto,52589v.jpg
Ayam Pop,467gh6.jpg
Pempek,3r13bv.jpg
Nasi Goreng,78x89j.jpg
Nasi Goreng,z3kk4l.jpg
Nasi Goreng,gi6bjf.jpg
Soto,vbi5vh.jpg
Ayam Betutu,kozpc1.jpg
Ayam Bakar,4i6dba.jpg
Pempek,lyzp3r.jpg
Sate Madura,o5x4ss.jpg
Pempek,ehqk3y.jpg
Ayam Pop,5ohruw.jpg
Sate Madura,m53r9a.jpg
Ayam Bakar,r8s0a6.jpg
Ayam Pop,n228a6.jpg
Coto Makassar,zqbt7s.jpg
Ayam Bakar,hzgnpg.jpg
Sate Padang,7mnfrt.jpg
Gudeg,179bfc.jpg
Ayam Goreng,auv4bh.jpg
Sate Madura,54u0wa.jpg
Rendang,5od8a8.jpg
Ayam Bakar,tgcod8.jpg
Bakso,92qy0t.jpg
Sate Padang,b2zca4.jpg
Coto Makassar,hlzpe5.jpg
Nasi Goreng,s02r84.jpg
Sate Madura,fvdapk.jpg
Ayam Betutu,dokiiq.jpg
Sate Madura,dad54b.jpg
Ayam Betutu,jllqc1.jpg
Rendang,tklbvc.jpg
Pempek,p3juui.jpg
Pempek,stmohb.jpg
Ayam Goreng,f0ylta.jpg
Rendang,6lv6fq.jpg
Ayam Pop,au3d8y.jpg
Pempek,8sv8ex.jpg
Gado Gado,6zfcis.jpg
Pempek,dmfuiv.jpg
Nasi Goreng,atkdao.jpg
Nasi Goreng,viv43m.jpg
Rendang,2otf5b.jpg
Ayam Bakar,gr31o3.jpg
Coto Makassar,l746b4.jpg
Gado Gado,7llog3.jpg
Pempek,f7tgq2.jpg
Gado Gado,x7ttdh.jpg
Soto,gj7sxx.jpg
Bakso,xjk5xy.jpg
Gado Gado,21q7ci.jpg
Ayam Bakar,g3qflx.jpg
Ayam Bakar,kdsq8h.jpg
Ayam Betutu,2fbhm3.jpg
Gado Gado,syt8pu.jpg
Rendang,hp34q7.jpg
Bakso,d5zhx2.jpg
Coto Makassar,14a8jr.jpg
Ayam Pop,0azrdk.jpg
Ayam Goreng,3stor5.jpg
Nasi Goreng,1qrndk.jpg
Ayam Bakar,am39l3.jpg
Rawon,r0vnot.jpg
Bakso,0er077.jpg
Ayam Pop,bc39xm.jpg
Rawon,s3t77k.jpg
Sate Madura,y02r2j.jpg
Rendang,4anzvh.jpg
Ayam Bakar,5pl9tb.jpg
Coto Makassar,0e6p6e.jpg
Rendang,hil7mh.jpg
Sate Madura,7atc1b.jpg
Gado Gado,l0lyfp.jpg
Ayam Betutu,a8ul97.jpg
Coto Makassar,cgvyrp.jpg
Gado Gado,1ukd3b.jpg
Ayam Bakar,bktczj.jpg
Ayam Bakar,q2257v.jpg
Ayam Goreng,qztehy.jpg
Ayam Betutu,zcizei.jpg
Rendang,3c68du.jpg
Bakso,1m5yje.jpg
Rawon,9dm8h9.jpg
Nasi Goreng,d8nxuv.jpg
Rawon,uxv32o.jpg
Ayam Goreng,iog2c0.jpg
Ayam Goreng,997h7t.jpg
Gudeg,z0pol6.jpg
Coto Makassar,eakbnv.jpg
Rawon,e2n8ip.jpg
Pempek,cc52fc.jpg
Soto,bq2r49.jpg
Pempek,1hg4x0.jpg
Bakso,qc6hgv.jpg
Rawon,h76bnm.jpg
Coto Makassar,1qg920.jpg
Gudeg,661du7.jpg
Rendang,e1tx9g.jpg
Ayam Goreng,crseir.jpg
Pempek,uz3ute.jpg
Soto,0p5017.jpg
Soto,6r725w.jpg
Bakso,wdeka9.jpg
Pempek,dm9b0y.jpg
Ayam Bakar,zt93li.jpg
Bakso,o3cagd.jpg
Sate Padang,81nj0l.jpg
Ayam Pop,2ip0aa.jpg
Sate Madura,nepkej.jpg
Rawon,o9q6rx.jpg
Sate Padang,9km5fu.jpg
Gudeg,20qoti.jpg
Pempek,meepwx.jpg
Ayam Pop,idvu3q.jpg
Rawon,kchj9q.jpg
Pempek,65nifo.jpg
Sate Madura,dvsvci.jpg
Gado Gado,gbphj9.jpg
Bakso,5dafar.jpg
Gado Gado,ggjp25.jpg
Sate Madura,kd7khx.jpg
Bakso,no2mx3.jpg
Soto,pdnn6o.jpg
Soto,5b9cup.jpg
Rendang,2hkfcx.jpg
Ayam Pop,rpokbb.jpg
Ayam Pop,hqqivi.jpg
Coto Makassar,9qgbyn.jpg
Pempek,hlo0gu.jpg
Sate Padang,gs6juv.jpg
Gudeg,li30za.jpg
Gudeg,17gtch.jpg
Ayam Bakar,48pef6.jpg
Rendang,b7ierz.jpg
Sate Padang,l5afqm.jpg
Coto Makassar,u1os5m.jpg
Bakso,jxr91y.jpg
Ayam Bakar,opb8dj.jpg
Sate Madura,i9c4fj.jpg
Gudeg,ihv8q2.jpg
Ayam Bakar,lc1frs.jpg
Coto Makassar,ii7poe.jpg
Sate Madura,1ctqdp.jpg
Rendang,wofdp0.jpg
Coto Makassar,87f844.jpg
Sate Padang,lkszg5.jpg
Bakso,0ku758.jpg
Sate Madura,6baheh.jpg
Pempek,bxx6ro.jpg
Ayam Betutu,8fuspg.jpg
Sate Padang,px5sah.jpg
Ayam Pop,ley1wh.jpg
Gado Gado,wq6owk.jpg
Nasi Goreng,47y11p.jpg
Bakso,tz28pd.jpg
Sate Padang,eitrg4.jpg
Ayam Betutu,g2bezu.jpg
Bakso,qfg9gs.jpg
Ayam Goreng,05jpj7.jpg
Ayam Betutu,jxpfgd.jpg
Ayam Pop,f9zgtg.jpg
Sate Madura,nnch5y.jpg
Ayam Goreng,qtpv32.jpg
Sate Padang,asgeww.jpg
Bakso,8niv4u.jpg
Sate Madura,fp0as2.jpg
Sate Padang,sfdgq3.jpg
Ayam Pop,5q1nxy.jpg
Ayam Goreng,zhwh3x.jpg
Soto,hmrg44.jpg
Ayam Betutu,g1kauu.jpg
Bakso,thoo2a.jpg
Rawon,mkknty.jpg
Bakso,v6mexc.jpg
Sate Madura,hnd77s.jpg
Ayam Bakar,tr25os.jpg
Sate Padang,mvvko6.jpg
Soto,sf46u7.jpg
Soto,k68gfn.jpg
Pempek,vky34p.jpg
Soto,o66pb2.jpg
Sate Madura,ugzwii.jpg
Gudeg,5tddmn.jpg
Ayam Bakar,bdjzqt.jpg
Sate Padang,rremm4.jpg
Coto Makassar,817utq.jpg
Rawon,glfwz1.jpg
Rendang,9hpq1q.jpg
Ayam Betutu,tn7966.jpg
Coto Makassar,j5jd2u.jpg
Bakso,5n6k0n.jpg
Gado Gado,v44udr.jpg
Rendang,t8x34u.jpg
Coto Makassar,mnolpd.jpg
Sate Padang,x6wbt7.jpg
Sate Madura,b8srln.jpg
Pempek,n1sqxp.jpg
Bakso,854yjh.jpg
Sate Madura,bfdj2t.jpg
Soto,6tu7qi.jpg
Bakso,zw2rjh.jpg
Rendang,51ni0s.jpg
Bakso,znxlpx.jpg
Sate Padang,5t52y1.jpg
Gado Gado,vp5zwr.jpg
Gudeg,g0yvy8.jpg
Gudeg,fccq96.jpg
Ayam Pop,9ttudc.jpg
Ayam Goreng,uyn41t.jpg
Gado Gado,sg0ey9.jpg
Sate Padang,etsnsu.jpg
Rendang,5bfa37.jpg
Soto,1w90k4.jpg
Pempek,se72k1.jpg
Ayam Pop,iu773v.jpg
Bakso,cdq1te.jpg
Ayam Betutu,004v2b.jpg
Sate Padang,6p895m.jpg
Rendang,6w9wl7.jpg
Rendang,8madqw.jpg
Sate Madura,w9jrld.jpg
Soto,j6jy3n.jpg
Rawon,kqk03e.jpg
Pempek,sg89j0.jpg
Gado Gado,qcd0pi.jpg
Ayam Goreng,ybxq3l.jpg
Soto,ftiarv.jpg
Sate Madura,6yw23y.jpg
Coto Makassar,2gnqpu.jpg
Nasi Goreng,tjz830.jpg
Rawon,xjeg9c.jpg
Ayam Goreng,zhn32w.jpg
Bakso,ln8hpq.jpg
Rendang,e3mrf7.jpg
Nasi Goreng,usvpth.jpg
Rendang,kav9rp.jpg
Rawon,j9shfe.jpg
Nasi Goreng,9grblx.jpg
Bakso,ga2z5m.jpg
Ayam Bakar,l32vah.jpg
Sate Madura,uxfwl3.jpg
Ayam Pop,gpu9gg.jpg
Nasi Goreng,r46qh1.jpg
Ayam Betutu,e9t5gp.jpg
Gado Gado,9mewwa.jpg
Gado Gado,a1p7qr.jpg
Ayam Bakar,audd7c.jpg
Soto,jyaf5d.jpg
Rendang,4obic5.jpg
Sate Padang,f0w4am.jpg
Nasi Goreng,zwofq4.jpg
Ayam Betutu,ccedp2.jpg
Gudeg,4i30c4.jpg
Ayam Betutu,ygu7z3.jpg
Ayam Goreng,g7nzpj.jpg
Coto Makassar,6fg2an.jpg
Nasi Goreng,2ugpjq.jpg
Sate Madura,9g2vvc.jpg
Ayam Pop,466mnv.jpg
Ayam Pop,mgy7v4.jpg
Gudeg,1tlhl9.jpg
Ayam Bakar,xtclkb.jpg
Rawon,b7z0dj.jpg
Rawon,me0idp.jpg
Ayam Pop,fj5mpv.jpg
Coto Makassar,axfrj9.jpg
Coto Makassar,pionwo.jpg
Gudeg,iqzdcz.jpg
Coto Makassar,ynrd8w.jpg
Sate Madura,abuqk6.jpg
Ayam Betutu,2h2jjv.jpg
Nasi Goreng,hdpzi4.jpg
Soto,klsbr1.jpg
Ayam Bakar,tkre39.jpg
Sate Madura,yj2m51.jpg
Coto Makassar,5ey69n.jpg
Coto Makassar,8cr8xw.jpg
Ayam Bakar,t6dgrp.jpg
Ayam Goreng,wko2d9.jpg
Ayam Bakar,h939co.jpg
Gado Gado,793ro9.jpg
Gudeg,xfud78.jpg
Nasi Goreng,izff1v.jpg
Coto Makassar,dbj0xj.jpg
Rawon,0kvo4y.jpg
Nasi Goreng,n92f4u.jpg
Ayam Pop,xvoog1.jpg
Gado Gado,65ek4l.jpg
Ayam Goreng,ei6cx3.jpg
Ayam Betutu,wcswnx.jpg
Sate Madura,akbl5o.jpg
Ayam Goreng,derazq.jpg
Sate Madura,baxq61.jpg
Ayam Pop,8wxx92.jpg
Ayam Pop,x7d25k.jpg
Ayam Goreng,9sgoc9.jpg
Soto,kl5fle.jpg
Ayam Pop,oou5up.jpg
Rawon,cazbq2.jpg
Soto,2ed8qg.jpg
Gudeg,jeqyd8.jpg
Bakso,j6fqz5.jpg
Ayam Pop,hmpxcu.jpg
Ayam Bakar,ewq6nk.jpg
Ayam Goreng,x5v72u.jpg
Rawon,wo3ub2.jpg
Ayam Bakar,w685il.jpg
Pempek,3usw92.jpg
Nasi Goreng,wtwx1s.jpg
Nasi Goreng,stnz9i.jpg
Ayam Bakar,jr6olg.jpg
Pempek,rnc4cr.jpg
Gudeg,oy09tw.jpg
Soto,onzc4k.jpg
Ayam Betutu,4izt8f.jpg
Nasi Goreng,8yaeqw.jpg
Sate Padang,02nf1z.jpg
Sate Madura,bu9thb.jpg
Bakso,t9nvq3.jpg
Gado Gado,g6fhku.jpg
Soto,zar2dz.jpg
Bakso,1gt7al.jpg
Sate Padang,1pqtr8.jpg
Ayam Betutu,gi8r3c.jpg
Sate Madura,qxh0hk.jpg
Coto Makassar,4dlpp7.jpg
Pempek,tkik6z.jpg
Coto Makassar,kxm92z.jpg
Coto Makassar,uzhy59.jpg
Sate Padang,uh0pwv.jpg
Sate Madura,lmamm0.jpg
Sate Padang,r8eyne.jpg
Nasi Goreng,p5ln23.jpg
Gudeg,e82h0d.jpg
Ayam Pop,153xqk.jpg
Ayam Goreng,h6p10i.jpg
Gudeg,62nmne.jpg
Rendang,c982v0.jpg
Gudeg,rzwcp1.jpg
Ayam Pop,utribh.jpg
Ayam Betutu,1zte6j.jpg
Soto,e0umbp.jpg
Soto,q4e9fp.jpg
Coto Makassar,djpcp7.jpg
Nasi Goreng,wr3j8b.jpg
Rendang,yhy6sd.jpg
Rendang,yex59h.jpg
Gado Gado,qaw8yw.jpg
Ayam Pop,lyar4r.jpg
Ayam Bakar,wdbc4w.jpg
Nasi Goreng,6a9y6n.jpg
Ayam Pop,c4jiib.jpg
Ayam Goreng,sgcf8i.jpg
Rendang,qdvgk3.jpg
Sate Padang,xja0xk.jpg
Nasi Goreng,frciq1.jpg
Nasi Goreng,03iysr.jpg
Ayam Goreng,b81h65.jpg
Soto,9b2y4u.jpg
Sate Madura,d44cjy.jpg
Gado Gado,1c240a.jpg
Ayam Bakar,x8sqt6.jpg
Ayam Bakar,3lncjz.jpg
Ayam Betutu,mpmcb8.jpg
Gado Gado,susvwc.jpg
Rendang,p35zbl.jpg
Rendang,2cweqd.jpg
Coto Makassar,pa75xq.jpg
Ayam Betutu,k702g9.jpg
Ayam Bakar,jfrvoc.jpg
Soto,g6lqm4.jpg
Bakso,5imao7.jpg
Ayam Bakar,3qenil.jpg
Gado Gado,mwxvf1.jpg
Soto,93cjih.jpg
Soto,numrim.jpg
Sate Madura,jj77o2.jpg
Rendang,9hlfxr.jpg
Soto,3zae8p.jpg
Rawon,6rga4r.jpg
Ayam Goreng,ycdac0.jpg
Ayam Betutu,8qrla7.jpg
Sate Padang,gvnh1u.jpg
Sate Madura,2543lo.jpg
Nasi Goreng,h1ibwc.jpg
Ayam Goreng,yjlucg.jpg
Ayam Betutu,ppec1i.jpg
Ayam Goreng,lll7ke.jpg
Ayam Pop,3cjbx3.jpg
Ayam Pop,rvwxbf.jpg
Bakso,21xjlx.jpg
Ayam Bakar,wrfb0n.jpg
Sate Madura,w6h2g0.jpg
Gudeg,av20zv.jpg
Ayam Bakar,une4gy.jpg
Ayam Pop,6wognn.jpg
Gudeg,pcfzp4.jpg
Gudeg,qzt0ci.jpg
Sate Madura,q8qsu7.jpg
Rawon,aqvc04.jpg
Ayam Pop,sz8km9.jpg
Sate Madura,rm9vld.jpg
Ayam Goreng,4bdo4i.jpg
Coto Makassar,9bzoqv.jpg
Ayam Goreng,4zjqz1.jpg
Gudeg,3srpr1.jpg
Sate Padang,yilo7w.jpg
Ayam Bakar,yzfeno.jpg
Gado Gado,7j32wh.jpg
Pempek,rpe2x4.jpg
Gudeg,oyr468.jpg
Ayam Betutu,9abyf4.jpg
Coto Makassar,dya4ix.jpg
Ayam Betutu,rdcds2.jpg
Coto Makassar,ctiw0b.jpg
Soto,p624t2.jpg
Ayam Betutu,3to92v.jpg
Ayam Betutu,2rx5vj.jpg
Bakso,xqmewl.jpg
Rendang,ysb1qx.jpg
Sate Padang,uexpez.jpg
Coto Makassar,h7k6zx.jpg
Soto,m3u2yz.jpg
Gado Gado,5uk2ca.jpg
Ayam Goreng,zbsbwh.jpg
Pempek,597loy.jpg
Ayam Bakar,gdl2m4.jpg
Ayam Bakar,3v2l36.jpg
Sate Padang,aqxw8n.jpg
Ayam Pop,9x8xq3.jpg
Ayam Goreng,nn6ekv.jpg
Gudeg,umk7ic.jpg
Gudeg,h50n0h.jpg
Coto Makassar,rz50rn.jpg
Sate Padang,cet7sx.jpg
Coto Makassar,6y1far.jpg
Ayam Bakar,xw0ms0.jpg
Gudeg,wkth2c.jpg
Ayam Goreng,9lmqw0.jpg
Nasi Goreng,47tdl8.jpg
Pempek,jk6c94.jpg
Sate Padang,e0xa8d.jpg
Ayam Goreng,f2ki0b.jpg
Gudeg,n7t6ib.jpg
Ayam Goreng,5d673i.jpg
Ayam Pop,htf6q9.jpg
Gado Gado,5eoqjp.jpg
Sate Padang,mx9cu8.jpg
Sate Padang,gazdql.jpg
Gudeg,npae7y.jpg
Pempek,yoxeuy.jpg
Gudeg,oxp4g7.jpg
Ayam Bakar,nupyyf.jpg
Bakso,taiozz.jpg
Bakso,nuxn9u.jpg
Rendang,r1dwjr.jpg
Nasi Goreng,ww2b9c.jpg
Soto,2zrnun.jpg
Rawon,60b6u3.jpg
Soto,3cxxcq.jpg
Rendang,230e1n.jpg
Bakso,swgzia.jpg
Ayam Bakar,14ll5k.jpg
Ayam Goreng,sw8byg.jpg
Gudeg,8s1rqi.jpg
Nasi Goreng,12h6gu.jpg
Sate Madura,tkjo87.jpg
Soto,3kx7k0.jpg
Ayam Pop,1400kd.jpg
Gado Gado,uzxt6h.jpg
Ayam Bakar,63qhfv.jpg
Coto Makassar,6gbtf2.jpg
Bakso,k1fd12.jpg
Ayam Bakar,44locs.jpg
Nasi Goreng,cj3chp.jpg
Bakso,rkvpjw.jpg
Bakso,n0q503.jpg
Rawon,jzh89e.jpg
Ayam Goreng,2g6n5d.jpg
Sate Madura,7g7a4h.jpg
Bakso,jfaakw.jpg
Sate Madura,0g34qt.jpg
Bakso,ie3mp6.jpg
Soto,6kread.jpg
Pempek,nu7wmm.jpg
Soto,7wgv07.jpg
Gudeg,6uwumk.jpg
Soto,13ih63.jpg
Pempek,ycxjkl.jpg
Gudeg,pci4oj.jpg
Pempek,vdjwq8.jpg
Ayam Pop,6oxra8.jpg
Sate Madura,8lvm3b.jpg
Sate Padang,274329.jpg
Ayam Goreng,j0s559.jpg
Nasi Goreng,l6tabn.jpg
Soto,lhszcu.jpg
Rendang,scwvs0.jpg
Ayam Betutu,ulm5cw.jpg
Sate Padang,gbt738.jpg
Pempek,wu30lq.jpg
Sate Madura,30v05m.jpg
Ayam Bakar,0qkggm.jpg
Sate Madura,kcd9hs.jpg
Gudeg,tojeid.jpg
Bakso,ke197b.jpg
Rendang,uied1p.jpg
Ayam Bakar,4v8wed.jpg
Ayam Bakar,316bg6.jpg
Coto Makassar,789zvn.jpg
Pempek,s5rq58.jpg
Soto,sbo0me.jpg
Ayam Pop,z29wog.jpg
Soto,g4rc8o.jpg
Soto,grsft8.jpg
Sate Padang,s644hm.jpg
Sate Madura,fn1rs6.jpg
Soto,p1uk7c.jpg
Rendang,xnaw82.jpg
Gado Gado,qs69ee.jpg
Ayam Pop,mcfffm.jpg
Nasi Goreng,r9v990.jpg
Ayam Bakar,7ioer7.jpg
Gado Gado,rghud1.jpg
Gudeg,ycf98p.jpg
Gudeg,8wcytl.jpg
Ayam Pop,7bfws7.jpg
Gudeg,96akz2.jpg
Coto Makassar,fhmzgi.jpg
Rendang,bl0119.jpg
Ayam Betutu,avqyyu.jpg
Coto Makassar,ab5j4r.jpg
Soto,iqonfz.jpg
Sate Madura,1tixag.jpg
Sate Padang,cszbo2.jpg
Sate Padang,19tv5c.jpg
Nasi Goreng,5azrbh.jpg
Pempek,wr3dzc.jpg
Rendang,ds1sbd.jpg
Gado Gado,l70jto.jpg
Sate Padang,kssxre.jpg
Ayam Bakar,6dfitv.jpg
Ayam Pop,85qbvk.jpg
Rawon,dcw9o1.jpg
Rawon,pvottu.jpg
Ayam Bakar,ok4ddn.jpg
Pempek,rw0ias.jpg
Ayam Pop,e9szec.jpg
Coto Makassar,qldnyk.jpg
Pempek,b8qa6s.jpg
Rawon,w4cgat.jpg
Ayam Goreng,asvbdc.jpg
Ayam Pop,a80osn.jpg
Ayam Goreng,eaks98.jpg
Sate Padang,ahtlt9.jpg
Sate Madura,quhi9n.jpg
Rawon,t0bbdy.jpg
Ayam Pop,tqc2df.jpg
Ayam Betutu,kan9f6.jpg
Ayam Bakar,d9rxqj.jpg
Ayam Goreng,v4f1yg.jpg
Gado Gado,vi3xf6.jpg
Soto,04wkki.jpg
Pempek,xg9068.jpg
Bakso,4i62dy.jpg
Soto,wgqime.jpg
Ayam Goreng,0wse0g.jpg
Sate Padang,ycu2cm.jpg
Gado Gado,tgnsga.jpg
Soto,wms8hm.jpg
Soto,1lsxwz.jpg
Bakso,jr53v6.jpg
Nasi Goreng,epsjjd.jpg
Soto,ob3yx9.jpg
Soto,lc6t8c.jpg
Pempek,q3nugw.jpg
Coto Makassar,1aik6j.jpg
Coto Makassar,asvaed.jpg
Ayam Pop,2462yd.jpg
Sate Madura,xbt2hc.jpg
Ayam Bakar,sz64pn.jpg
Soto,8s6kf8.jpg
Ayam Betutu,bk0btq.jpg
Ayam Pop,kb6fce.jpg
Gado Gado,gjjgst.jpg
Rawon,o343bz.jpg
Coto Makassar,ohyxg8.jpg
Nasi Goreng,q4el5r.jpg
Pempek,ypg62x.jpg
Coto Makassar,4rvcl2.jpg
Gado Gado,ix2oh3.jpg
Soto,qs1evc.jpg
Sate Madura,kqcb8x.jpg
Soto,t5pmgq.jpg
Ayam Bakar,m2a8nw.jpg
Soto,qv0t7w.jpg
Sate Padang,ygkzkl.jpg
Bakso,muqjiv.jpg
Sate Madura,ag1ox7.jpg
Soto,ga5p62.jpg
Ayam Pop,3kncgy.jpg
Ayam Bakar,diplpe.jpg
Nasi Goreng,qswiim.jpg
Rawon,1ony3s.jpg
Coto Makassar,g3n1jj.jpg
Sate Padang,io72zl.jpg
Rendang,9w86ut.jpg
Ayam Pop,2vliry.jpg
Sate Madura,hqao33.jpg
Sate Madura,lq8eon.jpg
Soto,v8qtsk.jpg
Bakso,c3mnr4.jpg
Gudeg,ohi59o.jpg
Sate Madura,9j90si.jpg
Ayam Goreng,dwjj8q.jpg
Sate Madura,zz32g5.jpg
Sate Padang,iv74dj.jpg
Gudeg,zh3xo5.jpg
Sate Madura,blxxof.jpg
Sate Padang,2qop16.jpg
Ayam Pop,83smr3.jpg
Bakso,q5z2n0.jpg
Ayam Betutu,kxleg4.jpg
Rawon,h3e1ah.jpg
Ayam Bakar,a3d2in.jpg
Ayam Betutu,ld19v4.jpg
Soto,gvsvqv.jpg
Pempek,44jjl0.jpg
Sate Madura,iwnou7.jpg
Ayam Bakar,04gh8d.jpg
Ayam Betutu,ohiu4j.jpg
Coto Makassar,njkxhi.jpg
Ayam Goreng,9gnjf5.jpg
Rawon,zp5smb.jpg
Sate Padang,s8hqj1.jpg
Pempek,lv78g8.jpg
Ayam Goreng,kcdjij.jpg
Sate Madura,pzer6b.jpg
Pempek,hli474.jpg
Rendang,6wgedj.jpg
Bakso,2hd1qr.jpg
Gado Gado,fv1rio.jpg
Nasi Goreng,swesps.jpg
Gudeg,zs1yro.jpg
Ayam Goreng,ylqw64.jpg
Pempek,r7c25e.jpg
Sate Padang,nnbptf.jpg
Nasi Goreng,k2f9oi.jpg
Nasi Goreng,r1bvkt.jpg
Gudeg,9vjpdq.jpg
Sate Madura,ujtpa4.jpg
Ayam Betutu,jko637.jpg
Gado Gado,45rg2c.jpg
Gudeg,6fc853.jpg
Gudeg,5u58vl.jpg
Gado Gado,r7wduy.jpg
Nasi Goreng,g11igo.jpg
Rendang,lrq7s3.jpg
Rawon,xe09c4.jpg
Ayam Pop,vlewas.jpg
Sate Padang,6b7jc8.jpg
Ayam Pop,kwu3kt.jpg
Rendang,a73okd.jpg
Rendang,ts1tk8.jpg
Ayam Goreng,68whd4.jpg
Pempek,nux9yi.jpg
Rendang,ea7cnt.jpg
Bakso,79y72v.jpg
Gudeg,t7pcyc.jpg
Sate Padang,2ddkc4.jpg
Ayam Betutu,x8zdzf.jpg
Soto,4ujaij.jpg
Ayam Betutu,ufg3k4.jpg
Soto,ilfsf3.jpg
Pempek,nyj22n.jpg
Ayam Pop,v4ellj.jpg
Ayam Bakar,njccmq.jpg
Sate Padang,846gqq.jpg
Gudeg,7idc8c.jpg
Nasi Goreng,jkt548.jpg
Coto Makassar,r3vg3h.jpg
Rawon,h5jsaz.jpg
Nasi Goreng,yuuc7f.jpg
Sate Madura,uob1da.jpg
Sate Madura,q4g1s3.jpg
Ayam Betutu,62o2ez.jpg
Sate Padang,aacrj6.jpg
Nasi Goreng,xpg696.jpg
Soto,1gwxvv.jpg
Gudeg,y98eo4.jpg
Bakso,qetf8e.jpg
Soto,5yfmgb.jpg
Sate Madura,j4cwz6.jpg
Rawon,ch3ws4.jpg
Bakso,m0q8mr.jpg
Gudeg,fdqm68.jpg
Rawon,luaag2.jpg
Coto Makassar,afax8d.jpg
Ayam Pop,hp527q.jpg
Rendang,uhht2s.jpg
Rawon,r40evs.jpg
Ayam Bakar,mrogya.jpg
Gudeg,ugi0mt.jpg
Pempek,a57i83.jpg
Coto Makassar,d39ayl.jpg
Nasi Goreng,z7ardi.jpg
Ayam Goreng,g1ln16.jpg
Rawon,p38fhi.jpg
Ayam Pop,ftkrtd.jpg
Ayam Betutu,cri3ct.jpg
Rendang,nthzrp.jpg
Soto,q1dg83.jpg
Ayam Goreng,awwu4x.jpg
Gudeg,5wb84x.jpg
Rawon,2ms94q.jpg
Bakso,0rtagv.jpg
Rendang,qdsnj1.jpg
Pempek,b13dqn.jpg
Ayam Bakar,kgbbwr.jpg
Pempek,cfscf8.jpg
Ayam Bakar,2aodp6.jpg
Bakso,jfgbin.jpg
Ayam Goreng,5jcz07.jpg
Pempek,ye59oz.jpg
Nasi Goreng,7nfqer.jpg
Soto,75jllm.jpg
Bakso,4mwnyy.jpg
Gudeg,9hduu9.jpg
Ayam Bakar,zfl63c.jpg
Soto,kdxt2q.jpg
Rendang,cssxrl.jpg
Sate Madura,oza4lj.jpg
Ayam Bakar,jjl7kd.jpg
Ayam Pop,q5dh2e.jpg
Nasi Goreng,7swrro.jpg
Ayam Betutu,3w93oc.jpg
Ayam Goreng,jh7eb7.jpg
Sate Padang,d2d8x7.jpg
Ayam Goreng,r3famb.jpg
Rawon,j736gc.jpg
Nasi Goreng,c72bt7.jpg
Ayam Goreng,7eosr2.jpg
Ayam Goreng,8uumu2.jpg
Ayam Betutu,lzp0tt.jpg
Ayam Goreng,4ypwdg.jpg
Gudeg,ayowdp.jpg
Ayam Betutu,hwri0x.jpg
Sate Padang,ycrkqs.jpg
Ayam Bakar,s7xdem.jpg
Soto,mhxypc.jpg
Nasi Goreng,4bbi8z.jpg
Soto,jibc4f.jpg
Ayam Goreng,mex70x.jpg
Nasi Goreng,dkcsud.jpg
Bakso,wj8cbi.jpg
Sate Padang,mcco9e.jpg
Ayam Goreng,zn195z.jpg
Ayam Goreng,wxktzy.jpg
Rendang,p8cdm1.jpg
Sate Padang,cup9pk.jpg
Rendang,42zudd.jpg
Sate Padang,wqw8w1.jpg
Ayam Goreng,0axw50.jpg
Nasi Goreng,wgio42.jpg
Ayam Betutu,xdg1bl.jpg
Rendang,bsl38t.jpg
Bakso,ihmt2r.jpg
Coto Makassar,ex3qjn.jpg
Rawon,mc8q8a.jpg
Sate Madura,7wk3r3.jpg
Rendang,dpxdsb.jpg
Ayam Betutu,2ftkwk.jpg
Coto Makassar,a2lntp.jpg
Ayam Bakar,2tnvkw.jpg
Rendang,k3rllg.jpg
Ayam Goreng,136ib1.jpg
Pempek,gikvtt.jpg
Sate Madura,4hmrfs.jpg
Rendang,fy0t59.jpg
Bakso,bgewol.jpg
Rendang,4vy887.jpg
Ayam Goreng,3o1nww.jpg
Soto,fu9lni.jpg
Nasi Goreng,qvm0rq.jpg
Rawon,yop8bw.jpg
Ayam Betutu,t4o8pu.jpg
Ayam Goreng,4cly0r.jpg
Ayam Bakar,585c1z.jpg
Pempek,ab3fto.jpg
Sate Madura,1f8yf4.jpg
Rendang,bvtrvj.jpg
Sate Padang,gah35p.jpg
Pempek,5v1i3a.jpg
Nasi Goreng,prxi0r.jpg
Ayam Betutu,sk07ue.jpg
Ayam Bakar,07t1c1.jpg
Sate Padang,p3zk5a.jpg
Sate Padang,rph8uo.jpg
Rawon,5oxvrn.jpg
Coto Makassar,4ce3mh.jpg
Gado Gado,j3zasr.jpg
Gado Gado,pvb1yh.jpg
Gado Gado,5p64zy.jpg
Sate Madura,o8xvab.jpg
Ayam Pop,2wqgru.jpg
Ayam Bakar,vg3gf1.jpg
Gado Gado,awk5vf.jpg
Soto,23id6p.jpg
Rawon,c61e9f.jpg
Gudeg,anwdgw.jpg
Gado Gado,zgble3.jpg
Soto,yvwrsd.jpg
Sate Padang,xv7swe.jpg
Sate Padang,bgja2x.jpg
Ayam Betutu,lilwde.jpg
Pempek,hkkejr.jpg
Ayam Goreng,rj0rpq.jpg
Ayam Goreng,m3trfn.jpg
Ayam Betutu,bmpl58.jpg
Coto Makassar,7wwlmf.jpg
Sate Padang,ivqena.jpg
Ayam Betutu,9jfymi.jpg
Ayam Betutu,wn09k1.jpg
Soto,cpf4jk.jpg
Gado Gado,e58ogy.jpg
Gado Gado,bdf0vg.jpg
Ayam Bakar,uie2br.jpg
Ayam Goreng,g759td.jpg
Bakso,2tvnu0.jpg
Rendang,uoqedk.jpg
Ayam Betutu,1ogsj8.jpg
Pempek,hj05ss.jpg
Gado Gado,9rml4p.jpg
Coto Makassar,3y3tov.jpg
Ayam Goreng,z07piz.jpg
Sate Madura,lbmiu7.jpg
Sate Madura,b69nm0.jpg
Gado Gado,4j8h6f.jpg
Rendang,kf3mh3.jpg
Gudeg,vttgn3.jpg
Gudeg,lyfvqo.jpg
Sate Padang,ysixcg.jpg
Coto Makassar,ownd6t.jpg
Ayam Goreng,2d42ib.jpg
Ayam Goreng,ok3dka.jpg
Ayam Betutu,0n53jf.jpg
Coto Makassar,pdh2bg.jpg
Soto,6a0l00.jpg
Sate Padang,9xwtq3.jpg
Sate Padang,712z05.jpg
Bakso,w75c67.jpg
Gado Gado,8exb87.jpg
Rawon,jirkin.jpg
Gado Gado,14tnr5.jpg
Coto Makassar,es054m.jpg
Soto,zelxqk.jpg
Coto Makassar,h8gns3.jpg
Nasi Goreng,kkxpap.jpg
Bakso,y3v5ir.jpg
Pempek,5q3avn.jpg
Soto,pwmavb.jpg
Pempek,a7ovsa.jpg
Gado Gado,fzrtcd.jpg
Nasi Goreng,7kcoze.jpg
Nasi Goreng,zek702.jpg
Bakso,t8awf1.jpg
Pempek,ks4wi8.jpg
Gudeg,fgfswn.jpg
Ayam Bakar,y3erfh.jpg
Nasi Goreng,tt52t6.jpg
Ayam Bakar,dchpo0.jpg
Ayam Betutu,mbij5m.jpg
Ayam Bakar,cbafe5.jpg
Gudeg,wgnpok.jpg
Coto Makassar,kz5axf.jpg
Bakso,2a0lwd.jpg
Coto Makassar,ci04ma.jpg
Ayam Goreng,fdvled.jpg
Rawon,qvhmed.jpg
Gado Gado,9g638f.jpg
Ayam Pop,kzgnnw.jpg
Ayam Pop,uleegb.jpg
Ayam Pop,aj5i65.jpg
Sate Padang,g633l9.jpg
Gudeg,3zkmn8.jpg
Coto Makassar,jpydrl.jpg
Rawon,hr0mp5.jpg
Sate Madura,gw9qoq.jpg
Soto,3l6szo.jpg
Bakso,sp0zel.jpg
Sate Madura,lzn82r.jpg
Ayam Bakar,eeq6mv.jpg
Rendang,v96udo.jpg
Sate Madura,6a4jwj.jpg
Ayam Goreng,alil6r.jpg
Sate Padang,pu3gos.jpg
Coto Makassar,ezbr2j.jpg
Ayam Bakar,7k11q0.jpg
Rendang,2g9yhj.jpg
Nasi Goreng,z4a4nh.jpg
Nasi Goreng,l8ljqy.jpg
Coto Makassar,a3u99t.jpg
Gudeg,zy68ol.jpg
Nasi Goreng,jstdie.jpg
Coto Makassar,bqafeh.jpg
Soto,jwg6in.jpg
Ayam Goreng,92bewr.jpg
Coto Makassar,fzoobc.jpg
Pempek,o3f6bx.jpg
Ayam Goreng,9kash2.jpg
Rawon,sfkfcs.jpg
Bakso,1cweth.jpg
Bakso,01lj7r.jpg
Rawon,kej21k.jpg
Gudeg,lltrjr.jpg
Sate Madura,c0j1en.jpg
Sate Padang,zmy4nx.jpg
Bakso,rgeo00.jpg
Ayam Betutu,9bs32w.jpg
Pempek,eopy9v.jpg
Coto Makassar,wom3zu.jpg
Ayam Pop,c636lu.jpg
Ayam Bakar,dqouw7.jpg
Pempek,7ufolm.jpg
Rawon,hbcdow.jpg
Pempek,llssaz.jpg
Gado Gado,r4atez.jpg
Ayam Bakar,if0quy.jpg
Soto,8vps5b.jpg
Ayam Pop,pxb07i.jpg
Coto Makassar,aot3wu.jpg
Gado Gado,wl2p2t.jpg
Coto Makassar,tt3j83.jpg
Sate Padang,sg8hwh.jpg
Ayam Pop,f9fh0o.jpg
Ayam Betutu,upblhd.jpg
Bakso,gasezs.jpg
Gado Gado,dihav7.jpg
Gudeg,aml78p.jpg
Ayam Bakar,t6vtgn.jpg
Ayam Bakar,7e917c.jpg
Rawon,7mdiag.jpg
Pempek,mbfp9s.jpg
Nasi Goreng,76auu2.jpg
Ayam Bakar,41jrk2.jpg
Nasi Goreng,nywmzq.jpg
Ayam Goreng,d5tajx.jpg
Gado Gado,6maw40.jpg
Ayam Pop,phvaaw.jpg
Nasi Goreng,esytc2.jpg
Pempek,2biaha.jpg
Gudeg,vqrbrp.jpg
Ayam Pop,o1508q.jpg
Nasi Goreng,sj5mtz.jpg
Sate Padang,0us23t.jpg
Bakso,98cp4n.jpg
Nasi Goreng,eyg2hp.jpg
Soto,r6zf1w.jpg
Rendang,9lymqy.jpg
Gudeg,2cs21o.jpg
Ayam Betutu,ssn23o.jpg
Rendang,1z746f.jpg
Bakso,nhz44j.jpg
Sate Madura,17zxr8.jpg
Nasi Goreng,ndjeeg.jpg
Gado Gado,877iag.jpg
Soto,u98uno.jpg
Nasi Goreng,317r05.jpg
Gado Gado,hrwo4d.jpg
Nasi Goreng,rrawe7.jpg
Sate Padang,t4upch.jpg
Coto Makassar,unt5zf.jpg
Ayam Bakar,4min3g.jpg
Ayam Bakar,pr640m.jpg
Ayam Betutu,2vyngi.jpg
Rendang,1ws386.jpg
Rawon,4gqnmk.jpg
Nasi Goreng,aoxplf.jpg
Ayam Betutu,bjdzz8.jpg
Sate Padang,94mm3i.jpg
Sate Padang,zcshoi.jpg
Ayam Betutu,zv9y7b.jpg
Nasi Goreng,7udm0u.jpg
Sate Madura,z97367.jpg
Sate Madura,e7dtzi.jpg
Coto Makassar,f8yhlx.jpg
Ayam Bakar,u9k008.jpg
Ayam Goreng,5cal3r.jpg
Gado Gado,zalkj2.jpg
Rawon,vq96ba.jpg
Bakso,8bcpf9.jpg
Rawon,zawoml.jpg
Sate Madura,co79sd.jpg
Coto Makassar,vlcfwi.jpg
Coto Makassar,o2bhaz.jpg
Sate Padang,ng9gvj.jpg
Ayam Bakar,ckdffn.jpg
Coto Makassar,jx9gvo.jpg
Sate Madura,yw3eb8.jpg
Nasi Goreng,ng8h5b.jpg
Sate Madura,1ndckz.jpg
Ayam Bakar,bpxalf.jpg
Rendang,0wi2bi.jpg
Nasi Goreng,pno3m1.jpg
Nasi Goreng,7gx0ph.jpg
Gudeg,uxl04w.jpg
Soto,gr4uty.jpg
Ayam Pop,bup3y2.jpg
Nasi Goreng,47rmhm.jpg
Gudeg,og0ij5.jpg
Ayam Pop,o2l1hx.jpg
Pempek,n58uwa.jpg
Nasi Goreng,ns3w84.jpg
Soto,0ctsf1.jpg
Gudeg,6ndmm0.jpg
Ayam Betutu,6f6c41.jpg
Coto Makassar,a7kryn.jpg
Sate Padang,mbdlka.jpg
Ayam Pop,jt37rt.jpg
Ayam Goreng,8knrew.jpg
Rendang,2zkgst.jpg
Bakso,yxwli2.jpg
Gado Gado,h8db80.jpg
Ayam Goreng,00ae48.jpg
Ayam Betutu,rh2b5v.jpg
Gado Gado,4bppkr.jpg
Ayam Goreng,riv54a.jpg
Gado Gado,9zqtlv.jpg
Ayam Pop,slqbnd.jpg
Sate Madura,8setq1.jpg
Ayam Betutu,q8osm8.jpg
Ayam Bakar,djtm7a.jpg
Soto,sqa8fs.jpg
Sate Madura,55tjw4.jpg
Coto Makassar,vgocao.jpg
Ayam Bakar,6yiv9v.jpg
Ayam Bakar,l0nnmu.jpg
Sate Madura,38ccq9.jpg
Ayam Pop,2w7wlf.jpg
Rendang,q7izrp.jpg
Ayam Pop,nfhadp.jpg
Ayam Pop,pbzc1y.jpg
Sate Madura,c0pvd3.jpg
Soto,sx0f15.jpg
Gado Gado,5r5gxv.jpg
Sate Madura,xzm06a.jpg
Rawon,0tea9w.jpg
Ayam Bakar,mks9so.jpg
Bakso,h93ra8.jpg
Ayam Pop,mnpqrj.jpg
Nasi Goreng,b097yi.jpg
Ayam Goreng,6i9cyu.jpg
Ayam Goreng,2m9q9x.jpg
Rawon,xf8pf8.jpg
Soto,pi1k7r.jpg
Rawon,07xk29.jpg
Ayam Betutu,0lcdx5.jpg
Ayam Betutu,uhqvey.jpg
Gudeg,h5cskv.jpg
Ayam Betutu,h9s06i.jpg
Gudeg,bm0mwm.jpg
Soto,u01kzq.jpg
Bakso,2vkqj9.jpg
Ayam Bakar,h78com.jpg
Coto Makassar,a70gp9.jpg
Pempek,ago1ly.jpg
Bakso,kerk61.jpg
Sate Padang,tfofxk.jpg
Gado Gado,cjs38g.jpg
Ayam Goreng,t0oon3.jpg
Soto,5vzybj.jpg
Nasi Goreng,mfuu50.jpg
Sate Padang,mdktzf.jpg
Ayam Bakar,injope.jpg
Coto Makassar,h853rq.jpg
Ayam Bakar,5eq4m0.jpg
Sate Madura,obfa7d.jpg
Soto,d2pb4s.jpg
Coto Makassar,8gap3e.jpg
Ayam Goreng,vw34ya.jpg
Ayam Pop,9x8owp.jpg
Gudeg,i8km9t.jpg
Gudeg,fm036g.jpg
Ayam Goreng,hc9r6i.jpg
Ayam Pop,7iwpg7.jpg
Ayam Bakar,xl5cg7.jpg
Pempek,0j7jd9.jpg
Ayam Betutu,9az0y0.jpg
Nasi Goreng,4ymxbv.jpg
Coto Makassar,h9rust.jpg
Ayam Goreng,2q15w9.jpg
Ayam Bakar,euddw9.jpg
Pempek,r11l50.jpg
Soto,mt1760.jpg
Gudeg,mgkyj3.jpg
Ayam Bakar,irh22j.jpg
Gado Gado,84mj9v.jpg
Pempek,t5qax1.jpg
Nasi Goreng,gfnihf.jpg
Bakso,9o6h41.jpg
Sate Padang,l8leur.jpg
Ayam Goreng,k99slb.jpg
Gudeg,oyl7r3.jpg
Bakso,1ubcac.jpg
Ayam Goreng,4dgsx4.jpg
Sate Madura,wehcmh.jpg
Nasi Goreng,5ba669.jpg
Coto Makassar,2y8jqo.jpg
Bakso,f9axw6.jpg
Gado Gado,gvpy3z.jpg
Bakso,uz8iqs.jpg
Nasi Goreng,ek8bc5.jpg
Sate Madura,fqrnwa.jpg
Gudeg,30f84k.jpg
Nasi Goreng,cusn8p.jpg
Nasi Goreng,0oau73.jpg
Sate Padang,0pnjze.jpg
Ayam Pop,i4rfxv.jpg
Sate Madura,6jfmrc.jpg
Bakso,j7gyun.jpg
Rawon,f61m2v.jpg
Sate Padang,tjpfaw.jpg
Sate Madura,hvab8n.jpg
Rendang,93uvu1.jpg
Sate Madura,rqkejh.jpg
Bakso,lo8p7a.jpg
Gudeg,bfihja.jpg
Gado Gado,m8keg6.jpg
Ayam Goreng,weh2j9.jpg
Rawon,jylis0.jpg
Ayam Bakar,snoxso.jpg
Gado Gado,jf843e.jpg
Bakso,g2z654.jpg
Gado Gado,svwh0d.jpg
Rendang,fx114m.jpg
Nasi Goreng,tnprlv.jpg
Sate Padang,hzomz9.jpg
Rendang,7vn2w7.jpg
Ayam Goreng,qqrm95.jpg
Bakso,nva2ic.jpg
Coto Makassar,97b33l.jpg
Bakso,rj3a3p.jpg
Nasi Goreng,z90qg0.jpg
Coto Makassar,fjk9u6.jpg
Nasi Goreng,zibl0e.jpg
Coto Makassar,4v58i6.jpg
Gado Gado,ml2a57.jpg
Ayam Bakar,swc8ob.jpg
Ayam Pop,z34eni.jpg
Ayam Pop,kbpig7.jpg
Ayam Goreng,k4z9m6.jpg
Gudeg,sbz2ux.jpg
Bakso,cbih9x.jpg
Ayam Bakar,alqse5.jpg
Soto,37o3se.jpg
Sate Madura,4btdnu.jpg
Bakso,iedvhk.jpg
Nasi Goreng,hq2gho.jpg
Gado Gado,twgjue.jpg
Ayam Bakar,0e7o2w.jpg
Soto,qfnqdh.jpg
Gado Gado,njvuew.jpg
Rawon,pq4331.jpg
Bakso,frnj9b.jpg
Rawon,kmvsex.jpg
Coto Makassar,4c4kh9.jpg
Gudeg,a3tv9u.jpg
Rawon,l7zljw.jpg
Rawon,0sy839.jpg
Ayam Bakar,56wa1m.jpg
Gudeg,e15fkt.jpg
Coto Makassar,s6qgjc.jpg
Ayam Pop,9yrhbv.jpg
Ayam Pop,la8igm.jpg
Gudeg,2l0oqf.jpg
Ayam Pop,s3waiw.jpg
Gudeg,6qgj7i.jpg
Soto,c8j0xd.jpg
Gado Gado,1qclvt.jpg
Pempek,q04nqz.jpg
Ayam Pop,d0eemm.jpg
Ayam Pop,2fjfpt.jpg
Ayam Pop,hnx1yu.jpg
Ayam Pop,btidrj.jpg
Ayam Betutu,p8hgrm.jpg
Bakso,31ngz4.jpg
Pempek,7at5oo.jpg
Nasi Goreng,r1wnqf.jpg
Nasi Goreng,agjr3o.jpg
Pempek,lvo1ct.jpg
Ayam Bakar,umgv5g.jpg
Soto,kqsnis.jpg
Ayam Bakar,e1swn2.jpg
Ayam Pop,jfmwi4.jpg
Coto Makassar,5tuj9l.jpg
Ayam Pop,5tx3ji.jpg
Sate Madura,eugt6l.jpg
Sate Madura,8b9vhu.jpg
Pempek,0ozpbd.jpg
Gado Gado,ju2boj.jpg
Pempek,fpsn40.jpg
Sate Padang,29vvh7.jpg
Pempek,s6chsu.jpg
Ayam Goreng,5fp27u.jpg
Ayam Goreng,bjy7vx.jpg
Ayam Pop,uj9xjg.jpg
Nasi Goreng,5g6q1g.jpg
Ayam Pop,89wnir.jpg
Coto Makassar,ks9ar1.jpg
Gudeg,jls4p0.jpg
Soto,t4m1fa.jpg
Ayam Bakar,o36w8m.jpg
Sate Madura,xnnl0u.jpg
Sate Padang,widouk.jpg
Gudeg,9l0xwv.jpg
Ayam Bakar,rff5k3.jpg
Soto,fmea84.jpg
Gudeg,r6vx4r.jpg
Bakso,lyy2a9.jpg
Rendang,le1j4j.jpg
Rendang,s2iy0n.jpg
Rawon,tvzrff.jpg
Sate Madura,62uo1o.jpg
Rawon,a5tqj3.jpg
Coto Makassar,9xw8fp.jpg
Sate Madura,y5f2ji.jpg
Rendang,rmpt9e.jpg
Bakso,1z3b7c.jpg
Pempek,250h5s.jpg
Ayam Goreng,j50alh.jpg
Ayam Goreng,wpn7xi.jpg
Gado Gado,p3u72i.jpg
Ayam Pop,26we8e.jpg
Bakso,suqqga.jpg
Pempek,q6heuu.jpg
Coto Makassar,tar2sq.jpg
Bakso,j1lm2k.jpg
Gado Gado,txf1mh.jpg
Ayam Betutu,pt92u9.jpg
Ayam Goreng,9myaez.jpg
Ayam Betutu,1r3ypk.jpg
Ayam Betutu,46h00x.jpg
Coto Makassar,xdf7st.jpg
Sate Padang,ibb7np.jpg
Ayam Goreng,0j0u49.jpg
Gudeg,posxbw.jpg
Rendang,x799ku.jpg
Ayam Pop,3iabnu.jpg
Ayam Bakar,2823s7.jpg
Pempek,eesc7w.jpg
Coto Makassar,773zfg.jpg
Ayam Betutu,ifb35i.jpg
Gado Gado,o89h7s.jpg
Ayam Goreng,oskl7f.jpg
Rawon,k1j65b.jpg
Ayam Goreng,9io0ro.jpg
Rendang,l99qn0.jpg
Ayam Goreng,8ml0wx.jpg
Rawon,tyw2rm.jpg
Rawon,qcvuth.jpg
Rawon,pm0yhj.jpg
Sate Madura,iah4xw.jpg
Ayam Bakar,2cwt10.jpg
Coto Makassar,3kuv04.jpg
Sate Padang,g0te4k.jpg
Ayam Goreng,de0ye7.jpg
Sate Padang,qb6cjs.jpg
Bakso,6n4g9s.jpg
Sate Padang,xgsf3n.jpg
Coto Makassar,rck10s.jpg
Sate Padang,06zjn6.jpg
Coto Makassar,gyinv4.jpg
Sate Madura,3fkrc5.jpg
Ayam Goreng,irwgdj.jpg
Sate Madura,k4fg4t.jpg
Ayam Bakar,d9g2f4.jpg
Ayam Pop,a0u534.jpg
Rendang,7sdrcv.jpg
Sate Padang,qovv2t.jpg
Nasi Goreng,o5o7hm.jpg
Sate Madura,0oymc8.jpg
Rawon,1tfhes.jpg
Sate Padang,cbj358.jpg
Gado Gado,w94uhz.jpg
Bakso,8c0v4w.jpg
Soto,y9fc2e.jpg
Nasi Goreng,woz1wb.jpg
Ayam Betutu,mdfatf.jpg
Ayam Betutu,3w1rl9.jpg
Nasi Goreng,k4261p.jpg
Rendang,zonnx8.jpg
Rawon,xbn4kv.jpg
Ayam Pop,e405nb.jpg
Gado Gado,qqpamo.jpg
Pempek,z392g6.jpg
Gudeg,lhc8kk.jpg
Rendang,yfpmjp.jpg
Ayam Betutu,yzqjn8.jpg
Ayam Goreng,qujnw0.jpg
Soto,hi7ohy.jpg
Ayam Pop,0lclky.jpg
Sate Madura,tf9ajs.jpg
Ayam Betutu,gxvdph.jpg
Rawon,ps5071.jpg
Sate Madura,enw725.jpg
Ayam Bakar,r4le9i.jpg
Ayam Betutu,w2fhh8.jpg
Nasi Goreng,2gkvxq.jpg
Pempek,ph3js0.jpg
Sate Padang,cvq1fc.jpg
Rendang,dkof45.jpg
Coto Makassar,su1vob.jpg
Rendang,xynxnl.jpg
Rendang,t4g6m7.jpg
Ayam Betutu,fpz1h9.jpg
Soto,8i8abm.jpg
Ayam Goreng,o7ulw5.jpg
Sate Madura,83x9fz.jpg
Rendang,nw7nau.jpg
Gado Gado,4bcmlx.jpg
Coto Makassar,a8ol0q.jpg
Soto,gds7mm.jpg
Gudeg,2d7yh8.jpg
Ayam Betutu,nu8uza.jpg
Pempek,gfps73.jpg
Gado Gado,dr0xbr.jpg
Bakso,hvri88.jpg
Sate Padang,t2aywt.jpg
Pempek,pmqdiy.jpg
Gudeg,z77359.jpg
Rendang,ap5mw1.jpg
Ayam Betutu,k6o30p.jpg
Pempek,rq6lxm.jpg
Soto,q7xwsv.jpg
Ayam Goreng,bcm6bq.jpg
Ayam Betutu,uyn0yp.jpg
Sate Madura,izjlfy.jpg
Ayam Pop,7ee3pq.jpg
Pempek,9p1zjf.jpg
Gado Gado,mvu9eq.jpg
Ayam Goreng,087mu2.jpg
Gudeg,33cxwk.jpg
Coto Makassar,onyq2h.jpg
Sate Madura,61mu4e.jpg
Sate Madura,vpvwcv.jpg
Coto Makassar,3tkkso.jpg
Nasi Goreng,ts97by.jpg
Ayam Betutu,pllytw.jpg
Rendang,on204j.jpg
Soto,5yxqus.jpg
Rawon,t1oonj.jpg
Ayam Goreng,2avyss.jpg
Nasi Goreng,3egabj.jpg
Ayam Pop,kz345g.jpg
Rendang,5rga9v.jpg
Gudeg,y1e1yp.jpg
Gado Gado,c4lzqk.jpg
Ayam Goreng,79t7cz.jpg
Coto Makassar,w75i07.jpg
Rendang,azy37j.jpg
Pempek,h6hfz2.jpg
Sate Madura,xtfqm4.jpg
Ayam Betutu,c7o833.jpg
Nasi Goreng,yooryp.jpg
Coto Makassar,3chcju.jpg
Ayam Pop,zqzp9v.jpg
Ayam Goreng,o4j9bh.jpg
Ayam Betutu,ni5cjf.jpg
Ayam Bakar,knoqa8.jpg
Bakso,67etq9.jpg
Gudeg,jdrt61.jpg
Ayam Betutu,7aatv1.jpg
Sate Padang,moo8sv.jpg
Gado Gado,c43wb7.jpg
Sate Padang,oaaxob.jpg
Ayam Pop,vcalop.jpg
Bakso,4y3i1u.jpg
Coto Makassar,7m3okb.jpg
Rawon,1xuh5a.jpg
Rendang,ubqfj1.jpg
Gudeg,y3xb6d.jpg
Coto Makassar,giikkb.jpg
Nasi Goreng,0bh6sh.jpg
Rawon,6ekoqn.jpg
Soto,94jmyp.jpg
Soto,kkk8zx.jpg
Ayam Betutu,z7m9rv.jpg
Sate Madura,d7mu1a.jpg
Soto,ew8q4p.jpg
Sate Madura,btsqo8.jpg
Nasi Goreng,ha0cls.jpg
Nasi Goreng,m7t9qy.jpg
Ayam Bakar,i7m1iw.jpg
Sate Madura,15xaty.jpg
Nasi Goreng,2e7igv.jpg
Pempek,o1nem1.jpg
Soto,byxpac.jpg
Soto,nu5joy.jpg
Sate Padang,cpyrr0.jpg
Ayam Goreng,w5vbf1.jpg
Ayam Goreng,jd808i.jpg
Soto,e1dzyd.jpg
Nasi Goreng,kv81tz.jpg
Pempek,eef3pb.jpg
Soto,dlt2qa.jpg
Sate Padang,dd4o6r.jpg
Bakso,3x6chj.jpg
Sate Madura,ajqxkf.jpg
Ayam Pop,tq629y.jpg
Ayam Goreng,m6w4zy.jpg
Coto Makassar,spqid4.jpg
Sate Madura,90diqp.jpg
Soto,v4rwdl.jpg
Rendang,wut5m4.jpg
Ayam Bakar,n0tigm.jpg
Ayam Bakar,gwepel.jpg
Rendang,bal36h.jpg
Sate Madura,81qb34.jpg
Sate Padang,8c1edu.jpg
Sate Padang,kkdq48.jpg
Coto Makassar,r6e4zt.jpg
Pempek,hnnlb4.jpg
Sate Madura,de92bu.jpg
Ayam Betutu,udzjtt.jpg
Bakso,wjlt7p.jpg
Bakso,suahcf.jpg
Bakso,a8yqk6.jpg
Sate Padang,s4pw00.jpg
Gado Gado,p8g1qk.jpg
Ayam Goreng,ipz4fd.jpg
Ayam Bakar,7ukxq2.jpg
Gudeg,s6v0d4.jpg
Gudeg,07bpnp.jpg
Sate Padang,gkfo4d.jpg
Nasi Goreng,rt66b4.jpg
Ayam Goreng,4deu0x.jpg
Ayam Betutu,mp2m8m.jpg
Ayam Bakar,n1ataq.jpg
Rawon,0p8uzz.jpg
Rendang,riwd98.jpg
Rawon,i4c3sz.jpg
Pempek,np37k7.jpg
Rawon,oty1q8.jpg
Gado Gado,rsuc6e.jpg
Ayam Bakar,165z9c.jpg
Coto Makassar,dgvevj.jpg
Pempek,eilp2l.jpg
Bakso,m84dg8.jpg
Ayam Goreng,zpyprs.jpg
Sate Padang,se44f1.jpg
Bakso,p2bphv.jpg
Nasi Goreng,m89v05.jpg
Rawon,048og7.jpg
Ayam Betutu,4hcz0c.jpg
Bakso,6fkp8a.jpg
Soto,nohy0u.jpg
Rawon,gc5a17.jpg
Ayam Bakar,tuoys2.jpg
Rawon,gjrko1.jpg
Ayam Goreng,1tztks.jpg
Ayam Goreng,lsu6ab.jpg
Sate Madura,fp2ppt.jpg
Nasi Goreng,yp351h.jpg
Gado Gado,wnn2ju.jpg
Rawon,nsxrdw.jpg
Rendang,tjco0u.jpg
Coto Makassar,uyg4bs.jpg
Rendang,rtpav4.jpg
Gudeg,2dvtps.jpg
Nasi Goreng,uwbkay.jpg
Sate Padang,0sm6jr.jpg
Coto Makassar,3109ey.jpg
Bakso,uf6h88.jpg
Ayam Betutu,qvu4k2.jpg
Sate Madura,426o3i.jpg
Rendang,n3wg2g.jpg
Ayam Pop,oy9zsg.jpg
Ayam Pop,8q3k3k.jpg
Rawon,h04xef.jpg
Ayam Goreng,dwhzy7.jpg
Coto Makassar,1ymbig.jpg
Ayam Pop,hgxa7p.jpg
Nasi Goreng,n15gzn.jpg
Ayam Pop,541ail.jpg
Pempek,dduzfl.jpg
Ayam Goreng,rqkau3.jpg
Pempek,0zmwwh.jpg
Bakso,r1qq4h.jpg
Soto,o79epp.jpg
Bakso,u42mf6.jpg
Gudeg,862wxy.jpg
Sate Madura,zqt0mq.jpg
Sate Madura,dma7sa.jpg
Ayam Goreng,0t1c3g.jpg
Bakso,y9a9tn.jpg
Nasi Goreng,gyb85p.jpg
Pempek,h682ic.jpg
Gado Gado,nz5ycx.jpg
Ayam Goreng,vc3jpc.jpg
Sate Padang,uvf9mq.jpg
Soto,d55zjp.jpg
Nasi Goreng,2bohv6.jpg
Soto,tk6wf2.jpg
Bakso,n5cf21.jpg
Gudeg,68588j.jpg
Coto Makassar,7kov23.jpg
Nasi Goreng,fg1ax9.jpg
Gudeg,q4l5h0.jpg
Rawon,qpdr9d.jpg
Gudeg,fyenxa.jpg
Ayam Betutu,hmyth1.jpg
Soto,5dqzww.jpg
Sate Madura,t5urgu.jpg
Ayam Pop,hdzld5.jpg
Coto Makassar,p9w9dp.jpg
Ayam Bakar,0g13wo.jpg
Soto,2ie0h8.jpg
Coto Makassar,jfyqg0.jpg
Sate Padang,s3aw39.jpg
Sate Madura,ys4w9j.jpg
Pempek,gsd89a.jpg
Sate Padang,h5llna.jpg
Gado Gado,amruvw.jpg
Rendang,bcyieq.jpg
Ayam Betutu,6mffuf.jpg
Gado Gado,5rwpk1.jpg
Coto Makassar,fpmdul.jpg
Ayam Goreng,8li19x.jpg
Rendang,it0jg3.jpg
Sate Madura,u4hcpd.jpg
Soto,3uv7p0.jpg
Ayam Pop,5kxo7y.jpg
Gado Gado,uqyq4y.jpg
Sate Padang,38x8l5.jpg
Ayam Pop,s34y08.jpg
Sate Madura,8eg53s.jpg
Ayam Pop,a1zv6s.jpg
Bakso,7u3w1j.jpg
Rendang,y56hok.jpg
Ayam Goreng,q3qhgu.jpg
Bakso,h4okjz.jpg
Ayam Bakar,6ch0xn.jpg
Pempek,0wsr1r.jpg
Sate Madura,aeim5a.jpg
Rendang,78zl6w.jpg
Rawon,rdkr2l.jpg
Ayam Bakar,e3cv4j.jpg
Soto,y2wlt3.jpg
Ayam Bakar,6na1ui.jpg
Nasi Goreng,d0xjzp.jpg
Bakso,28qsfj.jpg
Ayam Betutu,5fhxn5.jpg
Bakso,10qam6.jpg
Coto Makassar,h32dj0.jpg
Ayam Betutu,66plcr.jpg
Pempek,5bjuxb.jpg
Ayam Betutu,mcj9m3.jpg
Pempek,ixzkju.jpg
Sate Padang,b9q00q.jpg
Ayam Bakar,lra4fw.jpg
Nasi Goreng,g09d0s.jpg
Bakso,da99i4.jpg
Soto,k3or2v.jpg
Sate Padang,d6t7dl.jpg
Ayam Betutu,sebpmy.jpg
Gudeg,zsqdoo.jpg
Ayam Goreng,wkjxto.jpg
Gado Gado,g42bqr.jpg
Ayam Goreng,qi8uhd.jpg
Ayam Pop,qhwjnl.jpg
Ayam Betutu,i4yyry.jpg
Sate Madura,zr2t2e.jpg
Ayam Goreng,dref97.jpg
Ayam Bakar,mormlg.jpg
Nasi Goreng,if3ku1.jpg
Pempek,ppdlks.jpg
Gudeg,xj0nve.jpg
Rawon,oemxa4.jpg
Ayam Betutu,yhi8ad.jpg
Coto Makassar,ps3tq4.jpg
Bakso,5x3kn4.jpg
Coto Makassar,bmj809.jpg
Nasi Goreng,guj58o.jpg
Sate Padang,gvmyzj.jpg
Pempek,ndq4ba.jpg
Sate Madura,tuei0m.jpg
Rawon,3r7m47.jpg
Coto Makassar,n8k875.jpg
Rawon,0u2214.jpg
Gudeg,zvz2qs.jpg
Ayam Goreng,8ck85m.jpg
Gudeg,muuk4r.jpg
Sate Padang,nut3om.jpg
Bakso,05cta5.jpg
Soto,bmxmmw.jpg
Nasi Goreng,os4gp2.jpg
Sate Padang,kop9wo.jpg
Sate Madura,zrpk7i.jpg
Ayam Goreng,sblcdr.jpg
Ayam Pop,5ovatx.jpg
Ayam Betutu,1pgukw.jpg
Ayam Bakar,73q3hj.jpg
Soto,gucpol.jpg
Soto,lq913a.jpg
Sate Padang,prk5ft.jpg
Ayam Goreng,eiehg4.jpg
Pempek,v9fnft.jpg
Sate Padang,o7z3y7.jpg
Soto,4ilx6z.jpg
Sate Madura,us5abs.jpg
Nasi Goreng,lgtihz.jpg
Sate Madura,5wj66s.jpg
Soto,lu7ynn.jpg
Coto Makassar,l0zc0a.jpg
Coto Makassar,ke8i6h.jpg
Ayam Betutu,cbu3rx.jpg
Gado Gado,rsz8u5.jpg
Coto Makassar,b6wrjn.jpg
Rendang,9ymcww.jpg
Soto,4ld2ul.jpg
Sate Madura,ua5azp.jpg
Soto,z1vra4.jpg
Coto Makassar,7h3u91.jpg
Ayam Betutu,wkvg39.jpg
Coto Makassar,5wbr1n.jpg
Sate Madura,9zhxpr.jpg
Gado Gado,jwnc1z.jpg
Soto,p8b3lm.jpg
Sate Madura,8hqek7.jpg
Soto,tzgp15.jpg
Soto,r65iww.jpg
Gudeg,ml96v3.jpg
Sate Padang,jjpnkj.jpg
Gudeg,d9m3iz.jpg
Ayam Bakar,eh2vix.jpg
Rawon,w8crj3.jpg
Ayam Pop,rd4nd0.jpg
Pempek,mlyae6.jpg
Nasi Goreng,k1x0p0.jpg
Sate Padang,l90ivd.jpg
Nasi Goreng,k57ok4.jpg
Sate Padang,df93nb.jpg
Gudeg,9zpp92.jpg
Coto Makassar,60qxy2.jpg
Ayam Pop,8kyeok.jpg
Sate Padang,v7c3og.jpg
Rendang,7c058r.jpg
Sate Madura,m5fd1r.jpg
Ayam Betutu,oc0rma.jpg
Ayam Goreng,b7wjp4.jpg
Ayam Goreng,xdb8lm.jpg
Nasi Goreng,wsbqjw.jpg
Rawon,jx6nqk.jpg
Sate Madura,aorivj.jpg
Ayam Bakar,ztaz8z.jpg
Ayam Goreng,m5jctj.jpg
Rawon,9pnm4o.jpg
Rawon,mmqkwa.jpg
Gado Gado,aajkwo.jpg
Bakso,fap508.jpg
Pempek,7mrby1.jpg
Ayam Bakar,ext5gs.jpg
Pempek,99djb5.jpg
Ayam Goreng,4qmp7x.jpg
Soto,3jyvgp.jpg
Gado Gado,56npv2.jpg
Sate Padang,27h8hs.jpg
Ayam Bakar,ha7qdb.jpg
Ayam Bakar,vqhpk5.jpg
Gudeg,da9q6a.jpg
Rawon,pa5taf.jpg
Gudeg,9u8m24.jpg
Sate Padang,073u7f.jpg
Coto Makassar,08frq3.jpg
Rawon,09iyo8.jpg
Nasi Goreng,0j943c.jpg
Soto,0jw2ht.jpg
Sate Padang,0txomv.jpg
Coto Makassar,10mkcg.jpg
Gado Gado,1301op.jpg
Ayam Goreng,18jetj.jpg
Ayam Bakar,19hszc.jpg
Rendang,1kk93w.jpg
Ayam Betutu,1s719n.jpg
Ayam Pop,1voy92.jpg
Ayam Betutu,1xkf9s.jpg
Ayam Betutu,20ffzb.jpg
Gado Gado,20h315.jpg
Rendang,29u1i4.jpg
Ayam Betutu,2ap4sa.jpg
Rendang,2ebndh.jpg
Gado Gado,2ftejn.jpg
Coto Makassar,2k3skc.jpg
Rendang,2l44al.jpg
Sate Madura,2p2gpw.jpg
Rendang,2z2gty.jpg
Rendang,33t1jt.jpg
Rendang,3hz61t.jpg
Rawon,3mj09q.jpg
Gado Gado,3rhzlv.jpg
Gado Gado,4m3fmq.jpg
Rendang,4q9r9u.jpg
Nasi Goreng,4u5m2l.jpg
Sate Padang,4voy9c.jpg
Ayam Goreng,527xvc.jpg
Rawon,53ikqb.jpg
Ayam Betutu,543fwz.jpg
Gudeg,58rivz.jpg
Ayam Betutu,596dfw.jpg
Gado Gado,5cbn0o.jpg
Ayam Betutu,5f16f9.jpg
Ayam Pop,5l4l6t.jpg
Soto,5wfrck.jpg
Sate Padang,5xq3c0.jpg
Gado Gado,65aptv.jpg
Soto,660mv2.jpg
Sate Padang,6616j0.jpg
Coto Makassar,6f199s.jpg
Gado Gado,6fpfd3.jpg
Gudeg,6plsyp.jpg
Soto,6s0y2x.jpg
Gado Gado,6vx65b.jpg
Sate Padang,6z9t39.jpg
Soto,75j885.jpg
Gado Gado,7btobz.jpg
Rawon,7farws.jpg
Sate Padang,7fnhtp.jpg
Rawon,7mxd2g.jpg
Gudeg,7wbgx1.jpg
Soto,7y2zpa.jpg
Soto,7ybhha.jpg
Gado Gado,7zfou9.jpg
Ayam Bakar,80ro4o.jpg
Ayam Betutu,812brw.jpg
Bakso,8c7uvj.jpg
Gado Gado,8dbcuj.jpg
Ayam Goreng,8fl8pm.jpg
Pempek,8t6epr.jpg
Soto,8tcl34.jpg
Ayam Goreng,92a39i.jpg
Ayam Betutu,98c8g2.jpg
Ayam Betutu,9dy8px.jpg
Rendang,9gekhp.jpg
Sate Padang,9gnbuk.jpg
Pempek,9kvvqn.jpg
Pempek,9soa8h.jpg
Rendang,9u0eri.jpg
Soto,a183rn.jpg
Gudeg,a53wnp.jpg
Coto Makassar,a5l3y9.jpg
Rawon,a6ovv0.jpg
Ayam Bakar,aataof.jpg
Bakso,amcsrq.jpg
Ayam Bakar,aplchi.jpg
Rendang,atro3c.jpg
Rawon,auazq6.jpg
Rawon,avw9wf.jpg
Sate Padang,b0bo3t.jpg
Ayam Goreng,b7rfli.jpg
Rendang,baqkam.jpg
Sate Padang,bbvesz.jpg
Rendang,bluew8.jpg
Ayam Betutu,bnbfl2.jpg
Nasi Goreng,buolhd.jpg
Gudeg,busd3c.jpg
Ayam Bakar,c1qcw5.jpg
Pempek,c2qwl3.jpg
Ayam Betutu,c5ism7.jpg
Rawon,cenxn1.jpg
Pempek,cn17j6.jpg
Soto,crldrc.jpg
Gado Gado,cvdw61.jpg
Sate Madura,d0wsu7.jpg
Gado Gado,d7zuk0.jpg
Sate Padang,da9ivw.jpg
Ayam Betutu,dscxrt.jpg
Bakso,dypqzu.jpg
Ayam Betutu,e2a2k9.jpg
Rawon,e2b026.jpg
Sate Padang,e2zwhf.jpg
Rawon,e67r0t.jpg
Bakso,ea85nr.jpg
Bakso,eas2lv.jpg
Rawon,eby12m.jpg
Nasi Goreng,ebzr2j.jpg
Rawon,egnuue.jpg
Rawon,egwn1m.jpg
Coto Makassar,ek69qu.jpg
Ayam Betutu,eltuj7.jpg
Bakso,emgc3f.jpg
Ayam Bakar,er9hsz.jpg
Gudeg,ex00an.jpg
Rendang,f45pum.jpg
Ayam Betutu,f4cpaz.jpg
Ayam Pop,fbh3gx.jpg
Soto,fmuycf.jpg
Gudeg,fp1crn.jpg
Rendang,g01hd6.jpg
Ayam Pop,g0bxc1.jpg
Rendang,g3g2vr.jpg
Pempek,gal1oi.jpg
Rawon,gbrp1f.jpg
Soto,geyu6d.jpg
Rendang,gf8act.jpg
Rawon,gfftty.jpg
Soto,ggve3n.jpg
Gado Gado,ghqr4c.jpg
Ayam Goreng,gixeid.jpg
Rawon,gubfdm.jpg
Ayam Bakar,gwn45m.jpg
Ayam Pop,gznwms.jpg
Ayam Goreng,h9rib9.jpg
Ayam Pop,h9t342.jpg
Pempek,hhhgmp.jpg
Rawon,hkpad9.jpg
Ayam Goreng,i5u2l7.jpg
Rawon,i9jeki.jpg
Pempek,if5mw2.jpg
Gado Gado,igu0u8.jpg
Rendang,ij64jd.jpg
Ayam Pop,iox7yj.jpg
Ayam Betutu,ipu9u2.jpg
Gado Gado,iquz3k.jpg
Ayam Goreng,iyofo4.jpg
Ayam Goreng,iytjcv.jpg
Sate Padang,j10a1e.jpg
Bakso,j16f4x.jpg
Rendang,j3cj82.jpg
Gudeg,ja4htw.jpg
Pempek,jgfc52.jpg
Gado Gado,jhf05m.jpg
Gudeg,jk32hr.jpg
Nasi Goreng,jkvcpt.jpg
Ayam Goreng,jov47k.jpg
Ayam Goreng,jp12ix.jpg
Pempek,jpoh5g.jpg
Gudeg,jqcuwk.jpg
Sate Madura,jstem5.jpg
Ayam Goreng,jyadxi.jpg
Pempek,k3cv1u.jpg
Sate Padang,kezh96.jpg
Ayam Pop,kfqjy9.jpg
Sate Padang,kg9kbo.jpg
Ayam Betutu,kgyr32.jpg
Ayam Betutu,kokzw2.jpg
Ayam Betutu,kwuynu.jpg
Pempek,l76w1a.jpg
Coto Makassar,l7o80b.jpg
Ayam Betutu,lbbph5.jpg
Ayam Betutu,lhojpe.jpg
Ayam Betutu,ljwlzv.jpg
Gudeg,lkueg8.jpg
Pempek,lor0kr.jpg
Rendang,lot0lh.jpg
Ayam Bakar,luzrhc.jpg
Rawon,mg0gmg.jpg
Gudeg,mgkusl.jpg
Ayam Goreng,mgywp6.jpg
Rawon,mhsvvv.jpg
Ayam Goreng,mjnu5i.jpg
Ayam Goreng,mjwj4n.jpg
Ayam Goreng,mkquio.jpg
Rendang,mmul07.jpg
Rawon,n04v5n.jpg
Bakso,n2vgo9.jpg
Gudeg,n7nm4v.jpg
Rendang,nalidk.jpg
Ayam Bakar,nb61pd.jpg
Gado Gado,nd3gds.jpg
Gudeg,nene62.jpg
Rawon,nous0s.jpg
Ayam Betutu,nsl52t.jpg
Bakso,nvfmij.jpg
Sate Padang,nywhe8.jpg
Rawon,o1zly8.jpg
Nasi Goreng,o2wsum.jpg
Ayam Goreng,o7ulsa.jpg
Gado Gado,oani89.jpg
Rawon,oghxsh.jpg
Rendang,omk8gr.jpg
Gado Gado,otixar.jpg
Rawon,otwztq.jpg
Rendang,ov7pvs.jpg
Rendang,ox0yiz.jpg
Pempek,p0vlh8.jpg
Pempek,p3ogr3.jpg
Ayam Bakar,p4sr2u.jpg
Ayam Bakar,p7oep2.jpg
Bakso,pa5702.jpg
Rendang,pbueiu.jpg
Sate Madura,pguzsc.jpg
Rendang,pife5u.jpg
Soto,pltgqe.jpg
Pempek,po11lh.jpg
Ayam Betutu,pomifm.jpg
Ayam Pop,ptiblk.jpg
Soto,ptr33x.jpg
Coto Makassar,pxivt4.jpg
Gado Gado,q2hx0m.jpg
Rawon,qg00qe.jpg
Gudeg,qpwjg4.jpg
Rendang,qwl28e.jpg
Coto Makassar,qwpjoe.jpg
Soto,qxl7rz.jpg
Pempek,r36pzw.jpg
Bakso,r8hzf8.jpg
Nasi Goreng,r99uyc.jpg
Sate Padang,rbfkhy.jpg
Coto Makassar,rfjec8.jpg
Sate Padang,rhrepw.jpg
Soto,rjs1sp.jpg
Ayam Betutu,rkjsih.jpg
Nasi Goreng,robzaw.jpg
Ayam Bakar,rrb7ru.jpg
Rendang,rw9m0c.jpg
Pempek,rzdst5.jpg
Gado Gado,rzjgyy.jpg
Sate Madura,s00hjr.jpg
Soto,s3bdy6.jpg
Ayam Betutu,s58hn5.jpg
Bakso,sccf2o.jpg
Sate Padang,seamqn.jpg
Ayam Bakar,sjluhv.jpg
Ayam Goreng,sqdyp3.jpg
Gado Gado,svthtp.jpg
Gudeg,sx8sh7.jpg
Ayam Betutu,t39wru.jpg
Rendang,t3xubf.jpg
Gado Gado,t5a3bl.jpg
Ayam Goreng,t8zszx.jpg
Gado Gado,tedyt8.jpg
Gudeg,thjkln.jpg
Ayam Pop,ti2afk.jpg
Gudeg,tioqcd.jpg
Ayam Betutu,tjzhe9.jpg
Rawon,tl3xrw.jpg
Rendang,tmhguk.jpg
Soto,tt5khn.jpg
Ayam Betutu,tv0eau.jpg
Ayam Betutu,txau4r.jpg
Rawon,u3cy0o.jpg
Pempek,u3fvs6.jpg
Sate Madura,ua8rs6.jpg
Rendang,ug4wwt.jpg
Rawon,ugf4gq.jpg
Rawon,ujsc72.jpg
Soto,uk1gqs.jpg
Pempek,uubpy3.jpg
Rendang,uw8jaq.jpg
Ayam Bakar,v5hzuc.jpg
Ayam Goreng,v8y1v6.jpg
Pempek,vgia4n.jpg
Ayam Pop,vjboz1.jpg
Rawon,vkg965.jpg
Rawon,vlti5d.jpg
Sate Madura,vmgb3v.jpg
Nasi Goreng,vn00re.jpg
Gudeg,vts83l.jpg
Nasi Goreng,vypo1n.jpg
Ayam Betutu,w0qh8h.jpg
Rawon,w1gfy0.jpg
Rawon,w6sbjn.jpg
Ayam Pop,w6y0db.jpg
Rendang,wdq8pq.jpg
Gado Gado,wfz75c.jpg
Sate Madura,wiytaw.jpg
Nasi Goreng,wk453g.jpg
Ayam Goreng,wlbsvr.jpg
Ayam Goreng,wx5iep.jpg
Ayam Betutu,wxxk9o.jpg
Gudeg,wzjkug.jpg
Rendang,x2ngtm.jpg
Rawon,x51gvz.jpg
Rendang,xaube7.jpg
Bakso,xdzyxr.jpg
Ayam Goreng,xhmvm6.jpg
Bakso,xk1s0i.jpg
Rendang,xqjnf8.jpg
Rendang,xuaenb.jpg
Ayam Bakar,xvw9sg.jpg
Soto,xye2w9.jpg
Nasi Goreng,y1a3e1.jpg
Nasi Goreng,y30bmc.jpg
Soto,y46adv.jpg
Gado Gado,ycu9wz.jpg
Gado Gado,ykk3lw.jpg
Sate Madura,yoxufe.jpg
Ayam Bakar,ypevfn.jpg
Pempek,ywawkh.jpg
Gado Gado,z0es0r.jpg
Sate Padang,z2h8ww.jpg
Pempek,z4as03.jpg
Soto,z51d1g.jpg
Bakso,zdkruq.jpg
Ayam Pop,zfwsk9.jpg
Rawon,zm7mdw.jpg
Coto Makassar,ztqgfl.jpg
Ayam Bakar,ztqy3o.jpg
Ayam Goreng,zz4rv9.jpg
